Workbook

Sheet CALCULATOR (Hudson)
B1: GP CALCULATOR | K1: Stair 1 | L1: Handrail | M1: Brackets | O1: Stair 2 | P1: Handrail | Q1: Brackets
C2: Type | D2: Tread | E2: Size | F2: COST | K2: Length 1 | O2: Length 1
F3: Quantity | G3: Unit Cost | H3: Total | K3: Length 2 | O3: Length 2
B4: Stair 1 | C4: PINE/MDF (Cut-under 300x40) | D4: Up to 300mm | E4: 1.1m | F4: 18 | G4: =SUMIFS(MASTER!D3:D338,MASTER!A3:A338,'CALCULATOR (Hudson)'!$C$4,MASTER!B3:B338,'CALCULATOR (Hudson)'!$D$4,MASTER!C3:C338,'CALCULATOR (Hudson)'!$E$4) -> 27.862916 | H4: =(F4*G4) -> 501.53249 | K4: Length 3 | O4: Length 3
B5: Winders | G5: =SUMIFS(MASTER!D3:D338,MASTER!A3:A338,'CALCULATOR (Hudson)'!$C$5,MASTER!B3:B338,'CALCULATOR (Hudson)'!$D$5,MASTER!C3:C338,'CALCULATOR (Hudson)'!$E$5) -> 0 | H5: =(F5*G5) -> 0 | K5: Length 4 | O5: Length 4
B6: Landings | C6: LANDING | D6: MDF | E6: 1.0m2 | F6: 1 | G6: =SUMIFS(MASTER!D3:D338,MASTER!A3:A338,'CALCULATOR (Hudson)'!$C$6,MASTER!B3:B338,'CALCULATOR (Hudson)'!$D$6,MASTER!C3:C338,'CALCULATOR (Hudson)'!$E$6) -> 123.7381 | H6: =(F6*G6) -> 123.7381 | K6: Length 5 | O6: Length 5
B7: Custom | G7: 0 | H7: =(F7*G7) -> 0 | K7: Length 6 | O7: Length 6
B8: Stair 2 | G8: =SUMIFS(MASTER!D3:D338,MASTER!A3:A338,'CALCULATOR (Hudson)'!$C$8,MASTER!B3:B338,'CALCULATOR (Hudson)'!$D$8,MASTER!C3:C338,'CALCULATOR (Hudson)'!$E$8) -> 0 | H8: =(F8*G8) -> 0 | K8: Total | L8: =SUM(L2:L7) -> 0 | M8: =SUM(M2:M7) -> 0 | O8: Total | P8: =SUM(P2:P7) -> 0 | Q8: =SUM(Q2:Q7) -> 0
B9: Winders | G9: =SUMIFS(MASTER!D3:D338,MASTER!A3:A338,'CALCULATOR (Hudson)'!$C$9,MASTER!B3:B338,'CALCULATOR (Hudson)'!$D$9,MASTER!C3:C338,'CALCULATOR (Hudson)'!$E$9) -> 0 | H9: =(F9*G9) -> 0 | K9: No. of Units | O9: No. of Units
B10: Landings | G10: =SUMIFS(MASTER!D3:D338,MASTER!A3:A338,'CALCULATOR (Hudson)'!$C$10,MASTER!B3:B338,'CALCULATOR (Hudson)'!$D$10,MASTER!C3:C338,'CALCULATOR (Hudson)'!$E$10) -> 0 | H10: =(F10*G10) -> 0 | K10: Total | L10: =L8*L9 -> 0 | M10: =M8*M9 -> 0 | O10: Total | P10: =P8*P9 -> 0 | Q10: =Q8*Q9 -> 0
B11: Custom | G11: 0 | H11: =(F11*G11) -> 0
B12: Pallet | F12: 1 | G12: 18 | H12: =(F12*G12) -> 18
B13: Site Measure-up | C13: Region | D13: Contact | E13: Rate | G13: =E14 -> 85 | H13: =(F13*G13) -> 0
C14: =F28 -> CANTERBURY | D14: =VLOOKUP(C14,'MEASURE UP''S'!$A$1:$B$31,2,FALSE) -> DKNZ | E14: =VLOOKUP(D14,'MEASURE UP''S'!$B$1:$C$30,2,FALSE) -> 85
B15: Drawings | F15: 10 | G15: 1.58 | H15: =(F15*G15) -> 15.8
B17: Freight | C17: Total Cube (m²) | D17: Total Weight (kg) | E17: Total Freight Cost | F17: No. of Units | H17: =(E18/F18) -> 1170.36
C18: 3.498 | D18: 200 | E18: 1170.36 | F18: 1
B20: TOTAL COST | H20: =SUM(H4:H18) -> 1829.4306
B23: GP% BY REGION | C23: (for new customers and those that don't from Top Flyte Stairs currently) | E23: Top Flyte Take Off Sheet: CONFIDENTIAL
B24: GP% | C24: =VLOOKUP(F28,REGIONS!$A:$B,2,FALSE) -> 0.4 | E24: Date: | F24: 45964
B25: Sell Price | C25: =(H20/(1-C24)) -> 3049.051 | E25: Wholesaler
E26: Onsite Builder: | F26: Keenan Construction
B27: CUSTOM - SELL | E27: Site Address: | F27: 4456 Christchurch Akaroa Road, Little River
B28: GP% | C28: 0.4 | E28: Region * | F28: CANTERBURY
B29: Sell Price | C29: =(H20/(1-C28)) -> 3049.051 | E29: Stair Type: | F29: Internal
E30: Classify | F30: Main
E32: Job Number (s): | F32: Lang Residence
E33: Job Number (s): | F33: With landing
E34: Job Number (s):
E35: Job Number (s):
E36: Job Number (s):

Sheet CALCULATOR (Jude)
B1: GP CALCULATOR | K1: Stair 1 | L1: Handrail | M1: Brackets | O1: Stair 2 | P1: Handrail | Q1: Brackets
C2: Type | D2: Tread | E2: Size | F2: COST | K2: Length 1 | O2: Length 1
F3: Quantity | G3: Unit Cost | H3: Total | K3: Length 2 | O3: Length 2
B4: Stair 1 | C4: PINE/MDF (250x40) | D4: Up to 300mm | E4: 1.0m | F4: 15 | G4: =SUMIFS(MASTER!D3:D338,MASTER!A3:A338,'CALCULATOR (Jude)'!$C$4,MASTER!B3:B338,'CALCULATOR (Jude)'!$D$4,MASTER!C3:C338,'CALCULATOR (Jude)'!$E$4) -> 24.353986 | H4: =(F4*G4) -> 365.30978 | K4: Length 3 | O4: Length 3
B5: Winders | G5: =SUMIFS(MASTER!D3:D338,MASTER!A3:A338,'CALCULATOR (Jude)'!$C$5,MASTER!B3:B338,'CALCULATOR (Jude)'!$D$5,MASTER!C3:C338,'CALCULATOR (Jude)'!$E$5) -> 0 | H5: =(F5*G5) -> 0 | K5: Length 4 | O5: Length 4
B6: Landings | G6: =SUMIFS(MASTER!D3:D338,MASTER!A3:A338,'CALCULATOR (Jude)'!$C$6,MASTER!B3:B338,'CALCULATOR (Jude)'!$D$6,MASTER!C3:C338,'CALCULATOR (Jude)'!$E$6) -> 0 | H6: =(F6*G6) -> 0 | K6: Length 5 | O6: Length 5
B7: Custom | G7: 0 | H7: =(F7*G7) -> 0 | K7: Length 6 | O7: Length 6
B8: Stair 2 | G8: =SUMIFS(MASTER!D3:D338,MASTER!A3:A338,'CALCULATOR (Jude)'!$C$8,MASTER!B3:B338,'CALCULATOR (Jude)'!$D$8,MASTER!C3:C338,'CALCULATOR (Jude)'!$E$8) -> 0 | H8: =(F8*G8) -> 0 | K8: Total | L8: =SUM(L2:L7) -> 0 | M8: =SUM(M2:M7) -> 0 | O8: Total | P8: =SUM(P2:P7) -> 0 | Q8: =SUM(Q2:Q7) -> 0
B9: Winders | G9: =SUMIFS(MASTER!D3:D338,MASTER!A3:A338,'CALCULATOR (Jude)'!$C$9,MASTER!B3:B338,'CALCULATOR (Jude)'!$D$9,MASTER!C3:C338,'CALCULATOR (Jude)'!$E$9) -> 0 | H9: =(F9*G9) -> 0 | K9: No. of Units | O9: No. of Units
B10: Landings | G10: =SUMIFS(MASTER!D3:D338,MASTER!A3:A338,'CALCULATOR (Jude)'!$C$10,MASTER!B3:B338,'CALCULATOR (Jude)'!$D$10,MASTER!C3:C338,'CALCULATOR (Jude)'!$E$10) -> 0 | H10: =(F10*G10) -> 0 | K10: Total | L10: =L8*L9 -> 0 | M10: =M8*M9 -> 0 | O10: Total | P10: =P8*P9 -> 0 | Q10: =Q8*Q9 -> 0
B11: Custom | G11: 0 | H11: =(F11*G11) -> 0
B12: Pallet | F12: 1 | G12: 18 | H12: =(F12*G12) -> 18
B13: Site Measure-up | C13: Region | D13: Contact | E13: Rate | F13: 1.5 | G13: =E14 -> 95 | H13: =(F13*G13) -> 142.5
C14: =F28 -> AUCKLAND | D14: =VLOOKUP(C14,'MEASURE UP''S'!$A$1:$B$31,2,FALSE) -> TOP FLYTE STAIRS | E14: =VLOOKUP(D14,'MEASURE UP''S'!$B$1:$C$30,2,FALSE) -> 95
B15: Drawings | F15: 10 | G15: 1.58 | H15: =(F15*G15) -> 15.8
B17: Freight | C17: Total Cube (m²) | D17: Total Weight (kg) | E17: Total Freight Cost | F17: No. of Units | H17: =(E18/F18) -> 436.03
C18: 4.62 | D18: 380 | E18: 872.06 | F18: 2
B20: TOTAL COST | H20: =SUM(H4:H18) -> 977.63978
B23: GP% BY REGION | C23: (for new customers and those that don't from Top Flyte Stairs currently) | E23: Top Flyte Take Off Sheet: CONFIDENTIAL
B24: GP% | C24: =VLOOKUP(F28,REGIONS!$A:$B,2,FALSE) -> 0.35 | E24: Date: | F24: 45776
B25: Sell Price | C25: =(H20/(1-C24)) -> 1504.0612 | E25: Wholesaler | F25: Carters Madras Street
E26: Onsite Builder:
B27: CUSTOM - SELL | E27: Site Address: | F27: 157 Milton Street, Somerfield, Christchurch 8024
B28: GP% | C28: 0.5 | E28: Region * | F28: AUCKLAND
B29: Sell Price | C29: =(H20/(1-C28)) -> 1955.2796 | E29: Stair Type: | F29: Internal
E30: Classify | F30: Secondary
E32: Job Number (s): | F32: CH1431566E1 - Unit 1-2
E33: Job Number (s):
E34: Job Number (s):
E35: Job Number (s):
E36: Job Number (s):
E37: Job Number (s):

Sheet CALCULATOR (Courtney)
A1: {=J16A1:J33} -> #NAME? | B1: GP CALCULATOR | K1: Stair 1 | L1: Handrail | M1: Brackets | O1: Stair 2 | P1: Handrail | Q1: Brackets
C2: Type | D2: Tread | E2: Size | F2: COST | K2: Length 1 | O2: Length 1
F3: Quantity | G3: Unit Cost | H3: Total | K3: Length 2 | O3: Length 2
B4: Stair 1 | C4: PINE/MDF (250x40) | D4: Up to 300mm | E4: 1.4m | F4: 17 | G4: =SUMIFS(MASTER!D3:D338,MASTER!A3:A338,'CALCULATOR (Courtney)'!$C$4,MASTER!B3:B338,'CALCULATOR (Courtney)'!$D$4,MASTER!C3:C338,'CALCULATOR (Courtney)'!$E$4) -> 32.983582 | H4: =(F4*G4) -> 560.72089 | K4: Length 3 | O4: Length 3
B5: Winders | G5: =SUMIFS(MASTER!D3:D338,MASTER!A3:A338,'CALCULATOR (Courtney)'!$C$5,MASTER!B3:B338,'CALCULATOR (Courtney)'!$D$5,MASTER!C3:C338,'CALCULATOR (Courtney)'!$E$5) -> 0 | H5: =(F5*G5) -> 0 | K5: Length 4 | O5: Length 4
B6: Landings | G6: =SUMIFS(MASTER!D3:D338,MASTER!A3:A338,'CALCULATOR (Courtney)'!$C$6,MASTER!B3:B338,'CALCULATOR (Courtney)'!$D$6,MASTER!C3:C338,'CALCULATOR (Courtney)'!$E$6) -> 0 | H6: =(F6*G6) -> 0 | K6: Length 5 | O6: Length 5
B7: Custom | G7: 0 | H7: =(F7*G7) -> 0 | K7: Length 6 | O7: Length 6
B8: Stair 2 | C8: PINE/MDF (250x40) | D8: Up to 300mm | E8: 1.0m | F8: 5 | G8: =SUMIFS(MASTER!D3:D338,MASTER!A3:A338,'CALCULATOR (Courtney)'!$C$8,MASTER!B3:B338,'CALCULATOR (Courtney)'!$D$8,MASTER!C3:C338,'CALCULATOR (Courtney)'!$E$8) -> 24.353986 | H8: =(F8*G8) -> 121.76993 | K8: Total | L8: =SUM(L2:L7) -> 0 | M8: =SUM(M2:M7) -> 0 | O8: Total | P8: =SUM(P2:P7) -> 0 | Q8: =SUM(Q2:Q7) -> 0
B9: Winders | G9: =SUMIFS(MASTER!D3:D338,MASTER!A3:A338,'CALCULATOR (Courtney)'!$C$9,MASTER!B3:B338,'CALCULATOR (Courtney)'!$D$9,MASTER!C3:C338,'CALCULATOR (Courtney)'!$E$9) -> 0 | H9: =(F9*G9) -> 0 | K9: No. of Units | O9: No. of Units
B10: Landings | G10: =SUMIFS(MASTER!D3:D338,MASTER!A3:A338,'CALCULATOR (Courtney)'!$C$10,MASTER!B3:B338,'CALCULATOR (Courtney)'!$D$10,MASTER!C3:C338,'CALCULATOR (Courtney)'!$E$10) -> 0 | H10: =(F10*G10) -> 0 | K10: Total | L10: =L8*L9 -> 0 | M10: =M8*M9 -> 0 | O10: Total | P10: =P8*P9 -> 0 | Q10: =Q8*Q9 -> 0
B11: Custom | G11: 0 | H11: =(F11*G11) -> 0
B12: Pallet | F12: 1 | G12: 18 | H12: =(F12*G12) -> 18
B13: Site Measure-up | C13: Region | D13: Contact | E13: Rate | F13: 2 | G13: =E14 -> 95 | H13: =(F13*G13) -> 190
C14: =F28 -> BAY OF PLENTY | D14: =VLOOKUP(C14,'MEASURE UP''S'!$A$1:$B$31,2,FALSE) -> TOP FLYTE STAIRS | E14: =VLOOKUP(D14,'MEASURE UP''S'!$B$1:$C$30,2,FALSE) -> 95
B15: Drawings | F15: 10 | G15: 1.58 | H15: =(F15*G15) -> 15.8
B17: Freight | C17: Total Cube (m²) | D17: Weight (kg) | E17: Total Freight Cost | F17: No. of Units | H17: =(E18/F18) -> 84.22
C18: 3.5 | D18: 220 | E18: 84.22 | F18: 1
B20: TOTAL COST | H20: =SUM(H4:H18) -> 990.51082
B23: GP% BY REGION | C23: (for new customers and those that don't from Top Flyte Stairs currently) | E23: Top Flyte Take Off Sheet: CONFIDENTIAL
B24: GP% | C24: =VLOOKUP(F28,REGIONS!$A:$B,2,FALSE) -> 0.6 | E24: Date: | F24: 45965 | S24: QF | T24: 19
B25: Sell Price | C25: =(H20/(1-C24)) -> 2476.277 | E25: Wholesaler | S25: Q | T25: 4
E26: Onsite Builder: | F26: Belco Homes | S26: Orders Processed | T26: 2
B27: CUSTOM - SELL | E27: Site Address: | F27: 24 Rutherford Street, Otumoetai | S27: Kitset Processed | T27: 2
B28: GP% | C28: 0.4 | E28: Region * | F28: BAY OF PLENTY
B29: Sell Price | C29: =(H20/(1-C28)) -> 1650.8514 | E29: Stair Type: | F29: Internal
E30: Classify | F30: Main
E32: Job Number (s): | F32: Strong Residence
E33: Job Number (s):
E34: Job Number (s):
E35: Job Number (s):
E36: Job Number (s):

Sheet MASTER
A1: TYPE | B1: SIZE | C1: WIDTH | D1: TOTAL COST (divided by 10 Risers) | E1: WHOLESALE | F1: RETAIL
A3: PINE/MDF (250x40) | B3: Up to 300mm | C3: 0.9m | D3: ='BPSC. (+ Ply)'!G6 -> 23.084652 | E3: ='BPSC (+ Ply)'!D6 -> 73.553683 | F3: ='BPSC (+ Ply)'!F6 -> 81.726315
A4: PINE/MDF (250x40) | B4: Up to 300mm | C4: 1.0m | D4: ='BPSC. (+ Ply)'!G7 -> 24.353986 | E4: ='BPSC (+ Ply)'!D7 -> 76.841959 | F4: ='BPSC (+ Ply)'!F7 -> 85.379955
A5: PINE/MDF (250x40) | B5: Up to 300mm | C5: 1.1m | D5: ='BPSC. (+ Ply)'!G8 -> 24.683986 | E5: ='BPSC (+ Ply)'!D8 -> 79.246377 | F5: ='BPSC (+ Ply)'!F8 -> 88.05153
A6: PINE/MDF (250x40) | B6: Up to 300mm | C6: 1.2m | D6: ='BPSC. (+ Ply)'!G9 -> 24.683986 | E6: ='BPSC (+ Ply)'!D9 -> 81.523186 | F6: ='BPSC (+ Ply)'!F9 -> 90.581317
A7: PINE/MDF (250x40) | B7: Up to 300mm | C7: 1.4m | D7: ='BPSC. (+ Ply)'!G10 -> 32.983582 | E7: ='BPSC (+ Ply)'!D10 -> 89.073594 | F7: ='BPSC (+ Ply)'!F10 -> 98.97066
A8: PINE/MDF (250x40) | B8: Up to 300mm | C8: 1.6m | D8: ='BPSC. (+ Ply)'!G11 -> 38.290242 | E8: ='BPSC (+ Ply)'!D11 -> 92.826634 | F8: ='BPSC (+ Ply)'!F11 -> 103.1407
A9: PINE/MDF (250x40) | B9: Up to 300mm | C9: 2.0m | D9: ='BPSC. (+ Ply)'!G12 -> 45.041568 | E9: ='BPSC (+ Ply)'!D12 -> 117.92041 | F9: ='BPSC (+ Ply)'!F12 -> 131.02267
A11: PINE/MDF (250x40) | B11: Over 300mm | C11: 0.9m | D11: ='BPSC. (+ Ply)'!G17 -> 25.249986 | E11: ='BPSC (+ Ply)'!D17 -> 79.163095 | F11: ='BPSC (+ Ply)'!F17 -> 87.958995
A12: PINE/MDF (250x40) | B12: Over 300mm | C12: 1.0m | D12: ='BPSC. (+ Ply)'!G18 -> 25.249986 | E12: ='BPSC (+ Ply)'!D18 -> 79.295697 | F12: ='BPSC (+ Ply)'!F18 -> 88.10633
A13: PINE/MDF (250x40) | B13: Over 300mm | C13: 1.1m | D13: ='BPSC. (+ Ply)'!G19 -> 25.579986 | E13: ='BPSC (+ Ply)'!D19 -> 81.567513 | F13: ='BPSC (+ Ply)'!F19 -> 90.63057
A14: PINE/MDF (250x40) | B14: Over 300mm | C14: 1.2m | D14: ='BPSC. (+ Ply)'!G20 -> 25.579986 | E14: ='BPSC (+ Ply)'!D20 -> 83.844322 | F14: ='BPSC (+ Ply)'!F20 -> 93.160358
A15: PINE/MDF (250x40) | B15: Over 300mm | C15: 1.4m | D15: ='BPSC. (+ Ply)'!G21 -> 35.447582 | E15: ='BPSC (+ Ply)'!D21 -> 95.456718 | F15: ='BPSC (+ Ply)'!F21 -> 106.06302
A16: PINE/MDF (250x40) | B16: Over 300mm | C16: 1.6m | D16: ='BPSC. (+ Ply)'!G22 -> 41.099575 | E16: ='BPSC (+ Ply)'!D22 -> 100.10436 | F16: ='BPSC (+ Ply)'!F22 -> 111.22707
A17: PINE/MDF (250x40) | B17: Over 300mm | C17: 2.0m | D17: ='BPSC. (+ Ply)'!G23 -> 48.550902 | E17: ='BPSC (+ Ply)'!D23 -> 127.51405 | F17: ='BPSC (+ Ply)'!F23 -> 141.68227
A19: PINE/PLY (250x40) | B19: Up to 300mm | C19: 0.9m | D19: ='BPSC. (+ Ply)'!O6 -> 26.930652 | E19: ='BPSC (+ Ply)'!P6 -> 79.881795 | F19: ='BPSC (+ Ply)'!R6 -> 88.75755
A20: PINE/PLY (250x40) | B20: Up to 300mm | C20: 1.0m | D20: ='BPSC. (+ Ply)'!O7 -> 28.769319 | E20: ='BPSC (+ Ply)'!P7 -> 85.94289 | F20: ='BPSC (+ Ply)'!R7 -> 95.4921
A21: PINE/PLY (250x40) | B21: Up to 300mm | C21: 1.1m | D21: ='BPSC. (+ Ply)'!O8 -> 29.359319 | E21: ='BPSC (+ Ply)'!P8 -> 87.392115 | F21: ='BPSC (+ Ply)'!R8 -> 97.10235
A22: PINE/PLY (250x40) | B22: Up to 300mm | C22: 1.2m | D22: ='BPSC. (+ Ply)'!O9 -> 29.359319 | E22: ='BPSC (+ Ply)'!P9 -> 89.565952 | F22: ='BPSC (+ Ply)'!R9 -> 99.517725
A23: PINE/PLY (250x40) | B23: Up to 300mm | C23: 1.4m | D23: ='BPSC. (+ Ply)'!O10 -> 38.434248 | E23: ='BPSC (+ Ply)'!P10 -> 98.719155 | F23: ='BPSC (+ Ply)'!R10 -> 109.68795
A24: PINE/PLY (250x40) | B24: Up to 300mm | C24: 1.6m | D24: ='BPSC. (+ Ply)'!O11 -> 44.526908 | E24: ='BPSC (+ Ply)'!P11 -> 104.27495 | F24: ='BPSC (+ Ply)'!R11 -> 115.86105
A25: PINE/PLY (250x40) | B25: Up to 300mm | C25: 2.0m | D25: ='BPSC. (+ Ply)'!O12 -> 52.830235 | E25: ='BPSC (+ Ply)'!P12 -> 126.23006 | F25: ='BPSC (+ Ply)'!R12 -> 140.25563
A27: PINE/PLY (250x40) | B27: Over 300mm | C27: 0.9m | D27: ='BPSC. (+ Ply)'!O17 -> 30.075986 | E27: ='BPSC (+ Ply)'!P17 -> 87.66144 | F27: ='BPSC (+ Ply)'!R17 -> 97.4016
A28: PINE/PLY (250x40) | B28: Over 300mm | C28: 1.0m | D28: ='BPSC. (+ Ply)'!O18 -> 30.075986 | E28: ='BPSC (+ Ply)'!P18 -> 89.17479 | F28: ='BPSC (+ Ply)'!R18 -> 99.0831
A29: PINE/PLY (250x40) | B29: Over 300mm | C29: 1.1m | D29: ='BPSC. (+ Ply)'!O19 -> 30.665986 | E29: ='BPSC (+ Ply)'!P19 -> 90.624015 | F29: ='BPSC (+ Ply)'!R19 -> 100.69335
A30: PINE/PLY (250x40) | B30: Over 300mm | C30: 1.2m | D30: ='BPSC. (+ Ply)'!O20 -> 30.665986 | E30: ='BPSC (+ Ply)'!P20 -> 92.797853 | F30: ='BPSC (+ Ply)'!R20 -> 103.10873
A31: PINE/PLY (250x40) | B31: Over 300mm | C31: 1.4m | D31: ='BPSC. (+ Ply)'!O21 -> 41.999582 | E31: ='BPSC (+ Ply)'!P21 -> 107.53762 | F31: ='BPSC (+ Ply)'!R21 -> 119.48625
A32: PINE/PLY (250x40) | B32: Over 300mm | C32: 1.6m | D32: ='BPSC. (+ Ply)'!O22 -> 48.605575 | E32: ='BPSC (+ Ply)'!P22 -> 114.36309 | F32: ='BPSC (+ Ply)'!R22 -> 127.0701
A33: PINE/PLY (250x40) | B33: Over 300mm | C33: 2.0m | D33: ='BPSC. (+ Ply)'!O23 -> 57.926235 | E33: ='BPSC (+ Ply)'!P23 -> 138.83447 | F33: ='BPSC (+ Ply)'!R23 -> 154.26053
A35: PINE/MDF (300x40) | B35: Up to 300mm | C35: 0.9m | D35: ='BPSC. (+ Ply)'!G31 -> 24.650252 | E35: ='BPSC (+ Ply)'!D31 -> 77.844627 | F35: ='BPSC (+ Ply)'!F31 -> 86.49403
A36: PINE/MDF (300x40) | B36: Up to 300mm | C36: 1.0m | D36: ='BPSC. (+ Ply)'!G32 -> 25.919586 | E36: ='BPSC (+ Ply)'!D32 -> 81.132985 | F36: ='BPSC (+ Ply)'!F32 -> 90.147761
A37: PINE/MDF (300x40) | B37: Up to 300mm | C37: 1.1m | D37: ='BPSC. (+ Ply)'!G33 -> 26.249586 | E37: ='BPSC (+ Ply)'!D33 -> 83.537463 | F37: ='BPSC (+ Ply)'!F33 -> 92.819403
A38: PINE/MDF (300x40) | B38: Up to 300mm | C38: 1.2m | D38: ='BPSC. (+ Ply)'!G34 -> 26.249586 | E38: ='BPSC (+ Ply)'!D34 -> 85.814328 | F38: ='BPSC (+ Ply)'!F34 -> 95.349254
A39: PINE/MDF (300x40) | B39: Up to 300mm | C39: 1.4m | D39: ='BPSC. (+ Ply)'!G35 -> 34.549182 | E39: ='BPSC (+ Ply)'!D35 -> 93.364925 | F39: ='BPSC (+ Ply)'!F35 -> 103.73881
A40: PINE/MDF (300x40) | B40: Up to 300mm | C40: 1.6m | D40: ='BPSC. (+ Ply)'!G36 -> 39.855842 | E40: ='BPSC (+ Ply)'!D36 -> 97.11806 | F40: ='BPSC (+ Ply)'!F36 -> 107.90896
A41: PINE/MDF (300x40) | B41: Up to 300mm | C41: 2.0m | D41: ='BPSC. (+ Ply)'!G37 -> 46.607168 | E41: ='BPSC (+ Ply)'!D37 -> 116.03552 | F41: ='BPSC (+ Ply)'!F37 -> 128.92836
A43: PINE/MDF (300x40) | B43: Over 300mm | C43: 0.9m | D43: ='BPSC. (+ Ply)'!G42 -> 26.815586 | E43: ='BPSC (+ Ply)'!D42 -> 83.454179 | F43: ='BPSC (+ Ply)'!F42 -> 92.726866
A44: PINE/MDF (300x40) | B44: Over 300mm | C44: 1.0m | D44: ='BPSC. (+ Ply)'!G43 -> 26.815586 | E44: ='BPSC (+ Ply)'!D43 -> 83.454179 | F44: ='BPSC (+ Ply)'!F43 -> 92.726866
A45: PINE/MDF (300x40) | B45: Over 300mm | C45: 1.1m | D45: ='BPSC. (+ Ply)'!G44 -> 27.145586 | E45: ='BPSC (+ Ply)'!D44 -> 85.858657 | F45: ='BPSC (+ Ply)'!F44 -> 95.398507
A46: PINE/MDF (300x40) | B46: Over 300mm | C46: 1.2m | D46: ='BPSC. (+ Ply)'!G45 -> 27.145586 | E46: ='BPSC (+ Ply)'!D45 -> 88.135522 | F46: ='BPSC (+ Ply)'!F45 -> 97.928358
A47: PINE/MDF (300x40) | B47: Over 300mm | C47: 1.4m | D47: ='BPSC. (+ Ply)'!G46 -> 37.013182 | E47: ='BPSC (+ Ply)'!D46 -> 99.748209 | F47: ='BPSC (+ Ply)'!F46 -> 110.83134
A48: PINE/MDF (300x40) | B48: Over 300mm | C48: 1.6m | D48: ='BPSC. (+ Ply)'!G47 -> 42.665175 | E48: ='BPSC (+ Ply)'!D47 -> 104.39597 | F48: ='BPSC (+ Ply)'!F47 -> 115.99552
A49: PINE/MDF (300x40) | B49: Over 300mm | C49: 2.0m | D49: ='BPSC. (+ Ply)'!G48 -> 50.116502 | E49: ='BPSC (+ Ply)'!D48 -> 125.12687 | F49: ='BPSC (+ Ply)'!F48 -> 139.02985
A51: PINE/PLY (300x40) | B51: Up to 300mm | C51: 0.9m | D51: ='BPSC. (+ Ply)'!O31 -> 28.496252 | E51: ='BPSC (+ Ply)'!P31 -> 83.947436 | F51: ='BPSC (+ Ply)'!R31 -> 93.274929
A52: PINE/PLY (300x40) | B52: Up to 300mm | C52: 1.0m | D52: ='BPSC. (+ Ply)'!O32 -> 30.334919 | E52: ='BPSC (+ Ply)'!P32 -> 90.00641 | F52: ='BPSC (+ Ply)'!R32 -> 100.00712
A53: PINE/PLY (300x40) | B53: Up to 300mm | C53: 1.1m | D53: ='BPSC. (+ Ply)'!O33 -> 30.924919 | E53: ='BPSC (+ Ply)'!P33 -> 91.455128 | F53: ='BPSC (+ Ply)'!R33 -> 101.61681
A54: PINE/PLY (300x40) | B54: Up to 300mm | C54: 1.2m | D54: ='BPSC. (+ Ply)'!O34 -> 30.924919 | E54: ='BPSC (+ Ply)'!P34 -> 93.628205 | F54: ='BPSC (+ Ply)'!R34 -> 104.03134
A55: PINE/PLY (300x40) | B55: Up to 300mm | C55: 1.4m | D55: ='BPSC. (+ Ply)'!O35 -> 39.999848 | E55: ='BPSC (+ Ply)'!P35 -> 102.77821 | F55: ='BPSC (+ Ply)'!R35 -> 114.19801
A56: PINE/PLY (300x40) | B56: Up to 300mm | C56: 1.6m | D56: ='BPSC. (+ Ply)'!O36 -> 46.092508 | E56: ='BPSC (+ Ply)'!P36 -> 108.33205 | F56: ='BPSC (+ Ply)'!R36 -> 120.36895
A57: PINE/PLY (300x40) | B57: Up to 300mm | C57: 2.0m | D57: ='BPSC. (+ Ply)'!O37 -> 54.395835 | E57: ='BPSC (+ Ply)'!P37 -> 130.27949 | F57: ='BPSC (+ Ply)'!R37 -> 144.75499
A59: PINE/PLY (300x40) | B59: Over 300mm | C59: 0.9m | D59: ='BPSC. (+ Ply)'!O42 -> 31.641586 | E59: ='BPSC (+ Ply)'!P42 -> 91.724359 | F59: ='BPSC (+ Ply)'!R42 -> 101.91595
A60: PINE/PLY (300x40) | B60: Over 300mm | C60: 1.0m | D60: ='BPSC. (+ Ply)'!O43 -> 31.641586 | E60: ='BPSC (+ Ply)'!P43 -> 93.237179 | F60: ='BPSC (+ Ply)'!R43 -> 103.59687
A61: PINE/PLY (300x40) | B61: Over 300mm | C61: 1.1m | D61: ='BPSC. (+ Ply)'!O44 -> 32.231586 | E61: ='BPSC (+ Ply)'!P44 -> 94.685897 | F61: ='BPSC (+ Ply)'!R44 -> 105.20655
A62: PINE/PLY (300x40) | B62: Over 300mm | C62: 1.2m | D62: ='BPSC. (+ Ply)'!O45 -> 32.231586 | E62: ='BPSC (+ Ply)'!P45 -> 96.858974 | F62: ='BPSC (+ Ply)'!R45 -> 107.62108
A63: PINE/PLY (300x40) | B63: Over 300mm | C63: 1.4m | D63: ='BPSC. (+ Ply)'!O46 -> 43.565182 | E63: ='BPSC (+ Ply)'!P46 -> 111.59359 | F63: ='BPSC (+ Ply)'!R46 -> 123.99288
A64: PINE/PLY (300x40) | B64: Over 300mm | C64: 1.6m | D64: ='BPSC. (+ Ply)'!O47 -> 50.171175 | E64: ='BPSC (+ Ply)'!P47 -> 118.41667 | F64: ='BPSC (+ Ply)'!R47 -> 131.57407
A65: PINE/PLY (300x40) | B65: Over 300mm | C65: 2.0m | D65: ='BPSC. (+ Ply)'!O48 -> 59.491835 | E65: ='BPSC (+ Ply)'!P48 -> 142.87949 | F65: ='BPSC (+ Ply)'!R48 -> 158.75499
A67: PINE/MDF (300x50) | B67: Up to 300mm | C67: 0.9m | D67: ='BPSC. (+ Ply)'!G56 -> 26.915052 | E67: ='BPSC (+ Ply)'!D56 -> 84.447 | F67: ='BPSC (+ Ply)'!F56 -> 93.83
A68: PINE/MDF (300x50) | B68: Up to 300mm | C68: 1.0m | D68: ='BPSC. (+ Ply)'!G57 -> 28.184386 | E68: ='BPSC (+ Ply)'!D57 -> 87.732 | F68: ='BPSC (+ Ply)'!F57 -> 97.48
A69: PINE/MDF (300x50) | B69: Up to 300mm | C69: 1.1m | D69: ='BPSC. (+ Ply)'!G58 -> 28.514386 | E69: ='BPSC (+ Ply)'!D58 -> 90.144 | F69: ='BPSC (+ Ply)'!F58 -> 100.16
A70: PINE/MDF (300x50) | B70: Up to 300mm | C70: 1.2m | D70: ='BPSC. (+ Ply)'!G59 -> 28.514386 | E70: ='BPSC (+ Ply)'!D59 -> 92.421 | F70: ='BPSC (+ Ply)'!F59 -> 102.69
A71: PINE/MDF (300x50) | B71: Up to 300mm | C71: 1.4m | D71: ='BPSC. (+ Ply)'!G60 -> 37.961582 | E71: ='BPSC (+ Ply)'!D60 -> 99.963 | F71: ='BPSC (+ Ply)'!F60 -> 111.07
A72: PINE/MDF (300x50) | B72: Up to 300mm | C72: 1.6m | D72: ='BPSC. (+ Ply)'!G61 -> 43.268242 | E72: ='BPSC (+ Ply)'!D61 -> 103.716 | F72: ='BPSC (+ Ply)'!F61 -> 115.24
A73: PINE/MDF (300x50) | B73: Up to 300mm | C73: 2.0m | D73: ='BPSC. (+ Ply)'!G62 -> 50.019568 | E73: ='BPSC (+ Ply)'!D62 -> 129.42 | F73: ='BPSC (+ Ply)'!F62 -> 143.8
A75: PINE/MDF (300x50) | B75: Over 300mm | C75: 0.9m | D75: ='BPSC. (+ Ply)'!G67 -> 29.080386 | E75: ='BPSC (+ Ply)'!D67 -> 90.054 | F75: ='BPSC (+ Ply)'!F67 -> 100.06
A76: PINE/MDF (300x50) | B76: Over 300mm | C76: 1.0m | D76: ='BPSC. (+ Ply)'!G68 -> 29.080386 | E76: ='BPSC (+ Ply)'!D68 -> 90.054403 | F76: ='BPSC (+ Ply)'!F68 -> 100.06045
A77: PINE/MDF (300x50) | B77: Over 300mm | C77: 1.1m | D77: ='BPSC. (+ Ply)'!G69 -> 29.410386 | E77: ='BPSC (+ Ply)'!D69 -> 92.457 | F77: ='BPSC (+ Ply)'!F69 -> 102.73
A78: PINE/MDF (300x50) | B78: Over 300mm | C78: 1.2m | D78: ='BPSC. (+ Ply)'!G70 -> 29.410386 | E78: ='BPSC (+ Ply)'!D70 -> 94.734 | F78: ='BPSC (+ Ply)'!F70 -> 105.26
A79: PINE/MDF (300x50) | B79: Over 300mm | C79: 1.4m | D79: ='BPSC. (+ Ply)'!G71 -> 40.425582 | E79: ='BPSC (+ Ply)'!D71 -> 106.353 | F79: ='BPSC (+ Ply)'!F71 -> 118.17
A80: PINE/MDF (300x50) | B80: Over 300mm | C80: 1.6m | D80: ='BPSC. (+ Ply)'!G72 -> 46.077575 | E80: ='BPSC (+ Ply)'!D72 -> 110.997 | F80: ='BPSC (+ Ply)'!F72 -> 123.33
A81: PINE/MDF (300x50) | B81: Over 300mm | C81: 2.0m | D81: ='BPSC. (+ Ply)'!G73 -> 53.528902 | E81: ='BPSC (+ Ply)'!D73 -> 139.014 | F81: ='BPSC (+ Ply)'!F73 -> 154.46
A83: PINE/PLY (300x50) | B83: Up to 300mm | C83: 0.9m | D83: ='BPSC. (+ Ply)'!O56 -> 30.761052 | E83: ='BPSC (+ Ply)'!P56 -> 90.279 | F83: ='BPSC (+ Ply)'!R56 -> 100.31
A84: PINE/PLY (300x50) | B84: Up to 300mm | C84: 1.0m | D84: ='BPSC. (+ Ply)'!O57 -> 32.599719 | E84: ='BPSC (+ Ply)'!P57 -> 96.345 | F84: ='BPSC (+ Ply)'!R57 -> 107.05
A85: PINE/PLY (300x50) | B85: Up to 300mm | C85: 1.1m | D85: ='BPSC. (+ Ply)'!O58 -> 33.189719 | E85: ='BPSC (+ Ply)'!P58 -> 97.794 | F85: ='BPSC (+ Ply)'!R58 -> 108.66
A86: PINE/PLY (300x50) | B86: Up to 300mm | C86: 1.2m | D86: ='BPSC. (+ Ply)'!O59 -> 33.189719 | E86: ='BPSC (+ Ply)'!P59 -> 99.963 | F86: ='BPSC (+ Ply)'!R59 -> 111.07
A87: PINE/PLY (300x50) | B87: Up to 300mm | C87: 1.4m | D87: ='BPSC. (+ Ply)'!O60 -> 43.412248 | E87: ='BPSC (+ Ply)'!P60 -> 109.116 | F87: ='BPSC (+ Ply)'!R60 -> 121.24
A88: PINE/PLY (300x50) | B88: Up to 300mm | C88: 1.6m | D88: ='BPSC. (+ Ply)'!O61 -> 49.504908 | E88: ='BPSC (+ Ply)'!P61 -> 114.678 | F88: ='BPSC (+ Ply)'!R61 -> 127.42
A89: PINE/PLY (300x50) | B89: Up to 300mm | C89: 2.0m | D89: ='BPSC. (+ Ply)'!O62 -> 57.808235 | E89: ='BPSC (+ Ply)'!P62 -> 136.629 | F89: ='BPSC (+ Ply)'!R62 -> 151.81
A91: PINE/PLY (300x50) | B91: Over 300mm | C91: 0.9m | D91: ='BPSC. (+ Ply)'!O67 -> 33.906386 | E91: ='BPSC (+ Ply)'!P67 -> 98.064 | F91: ='BPSC (+ Ply)'!R67 -> 108.96
A92: PINE/PLY (300x50) | B92: Over 300mm | C92: 1.0m | D92: ='BPSC. (+ Ply)'!O68 -> 33.906386 | E92: ='BPSC (+ Ply)'!P68 -> 99.576 | F92: ='BPSC (+ Ply)'!R68 -> 110.64
A93: PINE/PLY (300x50) | B93: Over 300mm | C93: 1.1m | D93: ='BPSC. (+ Ply)'!O69 -> 34.496386 | E93: ='BPSC (+ Ply)'!P69 -> 101.025 | F93: ='BPSC (+ Ply)'!R69 -> 112.25
A94: PINE/PLY (300x50) | B94: Over 300mm | C94: 1.2m | D94: ='BPSC. (+ Ply)'!O70 -> 34.496386 | E94: ='BPSC (+ Ply)'!P70 -> 103.203 | F94: ='BPSC (+ Ply)'!R70 -> 114.67
A95: PINE/PLY (300x50) | B95: Over 300mm | C95: 1.4m | D95: ='BPSC. (+ Ply)'!O71 -> 46.977582 | E95: ='BPSC (+ Ply)'!P71 -> 117.936 | F95: ='BPSC (+ Ply)'!R71 -> 131.04
A96: PINE/PLY (300x50) | B96: Over 300mm | C96: 1.6m | D96: ='BPSC. (+ Ply)'!O72 -> 53.583575 | E96: ='BPSC (+ Ply)'!P72 -> 124.767 | F96: ='BPSC (+ Ply)'!R72 -> 138.63
A97: PINE/PLY (300x50) | B97: Over 300mm | C97: 2.0m | D97: ='BPSC. (+ Ply)'!O73 -> 62.904235 | E97: ='BPSC (+ Ply)'!P73 -> 149.238 | F97: ='BPSC (+ Ply)'!R73 -> 165.82
A99: PINE/MDF (Cut-under 300x40) | B99: Up to 300mm | C99: 0.9m | D99: ='BPSC. (+ Ply)'!G81 -> 26.263583 | E99: ='BPSC (+ Ply)'!D81 -> 84.357 | F99: ='BPSC (+ Ply)'!F81 -> 93.73
A100: PINE/MDF (Cut-under 300x40) | B100: Up to 300mm | C100: 1.0m | D100: ='BPSC. (+ Ply)'!G82 -> 27.532916 | E100: ='BPSC (+ Ply)'!D82 -> 87.642 | F100: ='BPSC (+ Ply)'!F82 -> 97.38
A101: PINE/MDF (Cut-under 300x40) | B101: Up to 300mm | C101: 1.1m | D101: ='BPSC. (+ Ply)'!G83 -> 27.862916 | E101: ='BPSC (+ Ply)'!D83 -> 90.054 | F101: ='BPSC (+ Ply)'!F83 -> 100.06
A102: PINE/MDF (Cut-under 300x40) | B102: Up to 300mm | C102: 1.2m | D102: ='BPSC. (+ Ply)'!G84 -> 27.862916 | E102: ='BPSC (+ Ply)'!D84 -> 92.331 | F102: ='BPSC (+ Ply)'!F84 -> 102.59
A103: PINE/MDF (Cut-under 300x40) | B103: Up to 300mm | C103: 1.4m | D103: ='BPSC. (+ Ply)'!G85 -> 36.177712 | E103: ='BPSC (+ Ply)'!D85 -> 99.882 | F103: ='BPSC (+ Ply)'!F85 -> 110.98
A104: PINE/MDF (Cut-under 300x40) | B104: Up to 300mm | C104: 1.6m | D104: ='BPSC. (+ Ply)'!G86 -> 41.484372 | E104: ='BPSC (+ Ply)'!D86 -> 103.635 | F104: ='BPSC (+ Ply)'!F86 -> 115.15
A105: PINE/MDF (Cut-under 300x40) | B105: Up to 300mm | C105: 2.0m | D105: ='BPSC. (+ Ply)'!G87 -> 48.235699 | E105: ='BPSC (+ Ply)'!D87 -> 128.727 | F105: ='BPSC (+ Ply)'!F87 -> 143.03
A107: PINE/MDF (Cut-under 300x40) | B107: Over 300mm | C107: 0.9m | D107: ='BPSC. (+ Ply)'!G92 -> 28.428916 | E107: ='BPSC (+ Ply)'!D92 -> 89.964 | F107: ='BPSC (+ Ply)'!F92 -> 99.96
A108: PINE/MDF (Cut-under 300x40) | B108: Over 300mm | C108: 1.0m | D108: ='BPSC. (+ Ply)'!G93 -> 28.428916 | E108: ='BPSC (+ Ply)'!D93 -> 90.099 | F108: ='BPSC (+ Ply)'!F93 -> 100.11
A109: PINE/MDF (Cut-under 300x40) | B109: Over 300mm | C109: 1.1m | D109: ='BPSC. (+ Ply)'!G94 -> 28.758916 | E109: ='BPSC (+ Ply)'!D94 -> 92.376 | F109: ='BPSC (+ Ply)'!F94 -> 102.64
A110: PINE/MDF (Cut-under 300x40) | B110: Over 300mm | C110: 1.2m | D110: ='BPSC. (+ Ply)'!G95 -> 28.758916 | E110: ='BPSC (+ Ply)'!D95 -> 94.653 | F110: ='BPSC (+ Ply)'!F95 -> 105.17
A111: PINE/MDF (Cut-under 300x40) | B111: Over 300mm | C111: 1.4m | D111: ='BPSC. (+ Ply)'!G96 -> 38.641712 | E111: ='BPSC (+ Ply)'!D96 -> 106.263 | F111: ='BPSC (+ Ply)'!F96 -> 118.07
A112: PINE/MDF (Cut-under 300x40) | B112: Over 300mm | C112: 1.6m | D112: ='BPSC. (+ Ply)'!G97 -> 44.293706 | E112: ='BPSC (+ Ply)'!D97 -> 110.907 | F112: ='BPSC (+ Ply)'!F97 -> 123.23
A113: PINE/MDF (Cut-under 300x40) | B113: Over 300mm | C113: 2.0m | D113: ='BPSC. (+ Ply)'!G98 -> 51.745032 | E113: ='BPSC (+ Ply)'!D98 -> 138.321 | F113: ='BPSC (+ Ply)'!F98 -> 153.69
A115: PINE/PLY (Cut-under 300x40) | B115: Up to 300mm | C115: 0.9m | D115: ='BPSC. (+ Ply)'!O81 -> 30.109583 | E115: ='BPSC (+ Ply)'!P81 -> 90.684 | F115: ='BPSC (+ Ply)'!R81 -> 100.76
...

Sheet NDL FREIGHT CALCULATOR
A1: Top Flyte Rates
B3: Base rate | C3: M3 rate | D3: Total M3 | E3: Cost | F3: FAF | G3: Cost plus FAF
A4: Tauranga /Mount | B4: 25 | C4: 12.5 | D4: =F18 -> 4.29 | E4: =SUM(B4 + (D4*C4)) -> 78.625 | F4: 1.225 | G4: =SUM(E4*F4) -> 96.315625
A6: Papamoa/Omokoroa | B6: 30 | C6: 14 | D6: =F18 -> 4.29 | E6: =SUM(B6 + (D6*C6)) -> 90.06 | F6: 1.225 | G6: =SUM(E6*F6) -> 110.3235
A8: Katikati/TePuke | B8: 35 | C8: 15.5 | D8: =F18 -> 4.29 | E8: =SUM(B8 + (D8*C8)) -> 101.495 | F8: 1.225 | G8: =SUM(E8*F8) -> 124.33138
A12: Cube Calculator | B12: Quantity | C12: Length | D12: Width | E12: Height | F12: Cube M3 | G12: Weight KG
A13: Line 1 | B13: 1 | C13: 5.5 | D13: 1.3 | E13: 0.6 | F13: =(C13*D13*E13)*B13 -> 4.29 | G13: 170
A14: Line 2 | B14: 1 | F14: =(C14*D14*E14)*B14 -> 0
A15: Line 3 | B15: 1 | F15: =(C15*D15*E15)*B15 -> 0
A16: Line 4 | B16: 1 | F16: =(C16*D16*E16)*B16 -> 0
A17: Line 5 | F17: =(C17*D17*E17)*B17 -> 0
A18: Total | F18: =SUM(F13:F17) -> 4.29 | G18: =SUM(G13*B13)+(G14*B14)+(G15*B15)+(G16*B16)+(G17*B17) -> 170

Sheet REGIONS
A1: Region | B1: Desired GP%
A2: NORTHLAND | B2: 0.5
A3: NORTHLAND - Private Cust. | B3: =B2+5% -> 0.55
A4: AUCKLAND | B4: 0.35
A5: AUCKLAND - Private Cust. | B5: =B4+5% -> 0.4
A6: WAIKATO | B6: 0.4
A7: WAIKATO - Private Cust. | B7: =B6+5% -> 0.45
A8: BAY OF PLENTY | B8: 0.6
A9: BAY OF PLENTY - Private Cust. | B9: =B8+5% -> 0.65
A10: GISBORNE | B10: 0.55
A11: GISBORNE - Private Cust. | B11: =B10+5% -> 0.6
A12: HAWKES BAY | B12: 0.45
A13: HAWKES BAY - Private Cust. | B13: =B12+5% -> 0.5
A14: TARANAKI | B14: 0.5
A15: TARANAKI - Private Cust. | B15: =B14+5% -> 0.55
A16: MANAWATU-WANGANUI | B16: 0.5
A17: MANAWATU-WANGANUI - Private Cust. | B17: =B16+5% -> 0.55
A18: WELLINGTON | B18: 0.4
A19: WELLINGTON - Private Cust. | B19: =B18+5% -> 0.45
A20: TASMAN - NELSON | B20: 0.5
A21: TASMAN - NELSON - Private Cust. | B21: =B20+5% -> 0.55
A22: MARLBOROUGH | B22: 0.5
A23: MARLBOROUGH - Private Cust. | B23: =B22+5% -> 0.55
A24: WEST COAST | B24: 0.5
A25: WEST COAST - Private Cust. | B25: =B24+5% -> 0.55
A26: CANTERBURY | B26: 0.4
A27: CANTERBURY - Private Cust. | B27: =B26+5% -> 0.45
A28: OTAGO | B28: 0.4
A29: OTAGO - Private Cust. | B29: =B28+5% -> 0.45
A30: SOUTHLAND | B30: 0.4
A31: SOUTHLAND - Private Cust. | B31: =B30+5% -> 0.45

Sheet MEASURE UP'S
A1: Region | B1: CONTACT | C1: RATE
A2: NORTHLAND | B2: N/A | C2: 0
A3: NORTHLAND - Private Cust. | B3: N/A | C3: 0
A4: AUCKLAND | B4: TOP FLYTE STAIRS | C4: 95
A5: AUCKLAND - Private Cust. | B5: TOP FLYTE STAIRS | C5: 95
A6: WAIKATO | B6: TOP FLYTE STAIRS | C6: 95
A7: WAIKATO - Private Cust. | B7: TOP FLYTE STAIRS | C7: 95
A8: BAY OF PLENTY | B8: TOP FLYTE STAIRS | C8: 95
A9: BAY OF PLENTY - Private Cust. | B9: TOP FLYTE STAIRS | C9: 95
A10: GISBORNE | B10: N/A | C10: -
A11: GISBORNE - Private Cust. | B11: N/A | C11: -
A12: HAWKES BAY | B12: HAWKES BAY DOORS | C12: 95
A13: HAWKES BAY - Private Cust. | B13: HAWKES BAY DOORS | C13: 95
A14: TARANAKI | B14: RHYS POWELL JOINERY | C14: 95
A15: TARANAKI - Private Cust. | B15: RHYS POWELL JOINERY | C15: 95
A16: MANAWATU-WANGANUI | B16: N/A | C16: -
A17: MANAWATU-WANGANUI - Private Cust. | B17: N/A | C17: -
A18: WELLINGTON | B18: KOSHA HOMES | C18: 85
A19: WELLINGTON - Private Cust. | B19: KOSHA HOMES | C19: 85
A20: TASMAN - NELSON | B20: N/A | C20: -
A21: TASMAN - NELSON - Private Cust. | B21: N/A | C21: -
A22: MARLBOROUGH | B22: N/A | C22: -
A23: MARLBOROUGH - Private Cust. | B23: N/A | C23: -
A24: WEST COAST | B24: N/A | C24: -
A25: WEST COAST - Private Cust. | B25: N/A | C25: -
A26: CANTERBURY | B26: DKNZ | C26: 85
A27: CANTERBURY - Private Cust. | B27: DKNZ | C27: 85
A28: OTAGO | B28: ORAN KINNING | C28: 85
A29: OTAGO - Private Cust. | B29: ORAN KINNING | C29: 85
A30: SOUTHLAND | B30: N/A | C30: -
A31: SOUTHLAND - Private Cust. | B31: N/A | C31: -

Sheet (TYPES)
A1: STAIRS | C1: WINDERS | E1: LANDINGS
A3: PINE/MDF (250x40) | C3: WINDERS - Cut-under | E3: LANDING
A4: PINE/PLY (250x40) | C4: WINDERS
A5: PINE/MDF (300x40)
A6: PINE/PLY (300x40)
A7: PINE/MDF (300x50)
A8: PINE/PLY (300x50)
A9: PINE/MDF (Cut-under 300x40)
A10: PINE/PLY (Cut-under 300x40)
A11: PINE/MDF (Cut-under 300x50)
A12: PINE/PLY (Cut-under 300x50)
A13: KO - SPEC
A14: KO - (300x50/Ply)
A15: SOLID PINE - (250x40) - 40Tx25R
A16: SOLID PINE - (300x50) - 40Tx25R
... A22: WINDERS

Sheet Labour Rate
A1: LABOUR RATE BREAKDOWN
A2: Hourly Rate (averaged) | C2: =B15 -> 33.65
A3: Efficiency | B3: 0.75 | C3: =(C2/B3)-C2 -> 11.216667
A4: ACC | B4: 0.015 | C4: =C2*B4 -> 0.50475
A5: Holiday Pay | B5: 0.08 | C5: =C2*B5 -> 2.692
A6: Benefits | B6: 0.01 | C6: =C2*B6 -> 0.3365
A7: True Labour Cost | C7: =(C2+C3+C4+C5+C6) -> 48.399917
A10: Chriag | B10: 32
A11: Gary | B11: 32
A12: Deane | B12: 33.5
A13: Neil | B13: 31
A14: Freddy | B14: 39.75
A15: Total averaged | B15: =(B10+B11+B12+B13+B14)/5 -> 33.65

Sheet BPSC (+ Ply)
A1: 250 x 40 - Sell Prices (June 2022) | J1: Freight | M1: 250 x 40 in PLY - Sell Prices (June 2022) | V1: Freight
A3: Pine Stringer - MDF Treads/Risers - (Up to 300mm) | M3: Pine Stringer - PLY Treads/Risers - (Up to 300mm)
A4: ITEM | B4: WIDTH | C4: COST | D4: W/SALE PRICE | E4: GP% | F4: RETAIL PRICE | G4: GP% | H4: Desired GP% | J4: W/SALE FREIGHT | K4: RETAIL FREIGHT | M4: ITEM | N4: WIDTH | O4: COST | P4: W/SALE PRICE | Q4: GP% | R4: RETAIL PRICE | S4: GP% | T4: Desired GP% | V4: W/SALE FREIGHT | W4: RETAIL FREIGHT
D5: (less 10%) | H5: 0.665 | J5: 0.06 | K5: 0.06 | P5: (less 10%) | T5: 0.649 | V5: 0.06 | W5: 0.06
A6: BPSC Stair | B6: 0.9m | C6: ='BPSC. (+ Ply)'!G6 -> 23.084652 | D6: =F6-(F6*10%) -> 73.553683 | E6: =(D6-C6)/D6 -> 0.68615233 | F6: 81.726315 | G6: =(F6-C6)/F6 -> 0.7175371 | H6: =C6/(1-$H$5) -> 68.90941 | J6: =(D6*$J$5) -> 4.413221 | K6: =(F6*$K$5) -> 4.9035789 | M6: BPSC Stair | N6: 0.9m | O6: ='BPSC. (+ Ply)'!O6 -> 26.930652 | P6: =R6-(R6*10%) -> 79.881795 | Q6: =(P6-O6)/P6 -> 0.66286871 | R6: 88.75755 | S6: =(R6-O6)/R6 -> 0.69658184 | T6: =O6/(1-$T$5) -> 76.725505 | V6: =(P6*$J$5) -> 4.7929077 | W6: =(R6*$K$5) -> 5.325453
A7: BPSC Stair | B7: 1.0m | C7: ='BPSC. (+ Ply)'!G7 -> 24.353986 | D7: =F7-(F7*10%) -> 76.841959 | E7: =(D7-C7)/D7 -> 0.68306397 | F7: 85.379955 | G7: =(F7-C7)/F7 -> 0.71475757 | H7: =C7/(1-$H$5) -> 72.698464 | J7: =(D7*$J$5) -> 4.6105176 | K7: =(F7*$K$5) -> 5.1227973 | M7: BPSC Stair | N7: 1.0m | O7: ='BPSC. (+ Ply)'!O7 -> 28.769319 | P7: =R7-(R7*10%) -> 85.94289 | Q7: =(P7-O7)/P7 -> 0.66525074 | R7: 95.4921 | S7: =(R7-O7)/R7 -> 0.69872567 | T7: =O7/(1-$T$5) -> 81.963871 | V7: =(P7*$J$5) -> 5.1565734 | W7: =(R7*$K$5) -> 5.729526
A8: BPSC Stair | B8: 1.1m | C8: ='BPSC. (+ Ply)'!G8 -> 24.683986 | D8: =F8-(F8*10%) -> 79.246377 | E8: =(D8-C8)/D8 -> 0.68851591 | F8: 88.05153 | G8: =(F8-C8)/F8 -> 0.71966432 | H8: =C8/(1-$H$5) -> 73.683539 | J8: =(D8*$J$5) -> 4.7547826 | K8: =(F8*$K$5) -> 5.2830918 | M8: BPSC Stair | N8: 1.1m | O8: ='BPSC. (+ Ply)'!O8 -> 29.359319 | P8: =R8-(R8*10%) -> 87.392115 | Q8: =(P8-O8)/P8 -> 0.66405071 | R8: 97.10235 | S8: =(R8-O8)/R8 -> 0.69764564 | T8: =O8/(1-$T$5) -> 83.644783 | V8: =(P8*$J$5) -> 5.2435269 | W8: =(R8*$K$5) -> 5.826141
A9: BPSC Stair | B9: 1.2m | C9: ='BPSC. (+ Ply)'!G9 -> 24.683986 | D9: =F9-(F9*10%) -> 81.523186 | E9: =(D9-C9)/D9 -> 0.69721515 | F9: 90.581317 | G9: =(F9-C9)/F9 -> 0.72749364 | H9: =C9/(1-$H$5) -> 73.683539 | J9: =(D9*$J$5) -> 4.8913911 | K9: =(F9*$K$5) -> 5.434879 | M9: BPSC Stair | N9: 1.2m | O9: ='BPSC. (+ Ply)'!O9 -> 29.359319 | P9: =R9-(R9*10%) -> 89.565952 | Q9: =(P9-O9)/P9 -> 0.67220447 | R9: 99.517725 | S9: =(R9-O9)/R9 -> 0.70498402 | T9: =O9/(1-$T$5) -> 83.644783 | V9: =(P9*$J$5) -> 5.3739571 | W9: =(R9*$K$5) -> 5.9710635
A10: BPSC Stair | B10: 1.4m | C10: ='BPSC. (+ Ply)'!G10 -> 32.983582 | D10: =F10-(F10*10%) -> 89.073594 | E10: =(D10-C10)/D10 -> 0.62970416 | F10: 98.97066 | G10: =(F10-C10)/F10 -> 0.66673374 | H10: =C10/(1-$H$5) -> 98.458453 | J10: =(D10*$J$5) -> 5.3444156 | K10: =(F10*$K$5) -> 5.9382396 | M10: BPSC Stair | N10: 1.4m | O10: ='BPSC. (+ Ply)'!O10 -> 38.434248 | P10: =R10-(R10*10%) -> 98.719155 | Q10: =(P10-O10)/P10 -> 0.61067081 | R10: 109.68795 | S10: =(R10-O10)/R10 -> 0.64960373 | T10: =O10/(1-$T$5) -> 109.49928 | V10: =(P10*$J$5) -> 5.9231493 | W10: =(R10*$K$5) -> 6.581277
A11: BPSC Stair | B11: 1.6m | C11: ='BPSC. (+ Ply)'!G11 -> 38.290242 | D11: =F11-(F11*10%) -> 92.826634 | E11: =(D11-C11)/D11 -> 0.58750803 | F11: 103.1407 | G11: =(F11-C11)/F11 -> 0.62875722 | H11: =C11/(1-$H$5) -> 114.29923 | J11: =(D11*$J$5) -> 5.5695981 | K11: =(F11*$K$5) -> 6.1884423 | M11: BPSC Stair | N11: 1.6m | O11: ='BPSC. (+ Ply)'!O11 -> 44.526908 | P11: =R11-(R11*10%) -> 104.27495 | Q11: =(P11-O11)/P11 -> 0.57298555 | R11: 115.86105 | S11: =(R11-O11)/R11 -> 0.61568699 | T11: =O11/(1-$T$5) -> 126.85729 | V11: =(P11*$J$5) -> 6.2564967 | W11: =(R11*$K$5) -> 6.951663
A12: BPSC Stair | B12: 2.0m | C12: ='BPSC. (+ Ply)'!G12 -> 45.041568 | D12: =F12-(F12*10%) -> 117.92041 | E12: =(D12-C12)/D12 -> 0.61803415 | F12: 131.02267 | G12: =(F12-C12)/F12 -> 0.65623074 | H12: =C12/(1-$H$5) -> 134.45244 | J12: =(D12*$J$5) -> 7.0752244 | K12: =(F12*$K$5) -> 7.8613605 | M12: BPSC Stair | N12: 2.0m | O12: ='BPSC. (+ Ply)'!O12 -> 52.830235 | P12: =R12-(R12*10%) -> 126.23006 | Q12: =(P12-O12)/P12 -> 0.5814766 | R12: 140.25563 | S12: =(R12-O12)/R12 -> 0.62332894 | T12: =O12/(1-$T$5) -> 150.51349 | V12: =(P12*$J$5) -> 7.5738037 | W12: =(R12*$K$5) -> 8.4153375
A14: Pine Stringer - MDF Treads/Risers - (300mm +) | M14: Pine Stringer - PLY Treads/Risers - (300mm +)
A15: ITEM | B15: WIDTH | C15: COST | D15: W/SALE PRICE | E15: GP% | F15: RETAIL PRICE | G15: GP% | H15: Desired GP% | J15: W/SALE FREIGHT | K15: RETAIL FREIGHT | M15: ITEM | N15: WIDTH | O15: COST | P15: W/SALE PRICE | Q15: GP% | R15: RETAIL PRICE | S15: GP% | T15: Desired GP% | V15: W/SALE FREIGHT | W15: RETAIL FREIGHT
D16: (less 10%) | H16: 0.665 | J16: 0.06 | K16: 0.06 | P16: (less 10%) | T16: 0.649 | V16: 0.06 | W16: 0.06
A17: BPSC Stair | B17: 0.9m | C17: ='BPSC. (+ Ply)'!G17 -> 25.249986 | D17: =F17-(F17*10%) -> 79.163095 | E17: =(D17-C17)/D17 -> 0.68103843 | F17: 87.958995 | G17: =(F17-C17)/F17 -> 0.71293458 | H17: =C17/(1-$H$16) -> 75.373091 | J17: =(D17*$J$5) -> 4.7497857 | K17: =(F17*$K$5) -> 5.2775397 | M17: BPSC Stair | N17: 0.9m | O17: ='BPSC. (+ Ply)'!O17 -> 30.075986 | P17: =R17-(R17*10%) -> 87.66144 | Q17: =(P17-O17)/P17 -> 0.65690747 | R17: 97.4016 | S17: =(R17-O17)/R17 -> 0.69121672 | T17: =O17/(1-$T$16) -> 85.686569 | V17: =(P17*$J$5) -> 5.2596864 | W17: =(R17*$K$5) -> 5.844096
A18: BPSC Stair | B18: 1.0m | C18: ='BPSC. (+ Ply)'!G18 -> 25.249986 | D18: =F18-(F18*10%) -> 79.295697 | E18: =(D18-C18)/D18 -> 0.68157181 | F18: 88.10633 | G18: =(F18-C18)/F18 -> 0.71341463 | H18: =C18/(1-$H$16) -> 75.373091 | J18: =(D18*$J$5) -> 4.7577418 | K18: =(F18*$K$5) -> 5.2863798 | M18: BPSC Stair | N18: 1.0m | O18: ='BPSC. (+ Ply)'!O18 -> 30.075986 | P18: =R18-(R18*10%) -> 89.17479 | Q18: =(P18-O18)/P18 -> 0.66272995 | R18: 99.0831 | S18: =(R18-O18)/R18 -> 0.69645696 | T18: =O18/(1-$T$16) -> 85.686569 | V18: =(P18*$J$5) -> 5.3504874 | W18: =(R18*$K$5) -> 5.944986
A19: BPSC Stair | B19: 1.1m | C19: ='BPSC. (+ Ply)'!G19 -> 25.579986 | D19: =F19-(F19*10%) -> 81.567513 | E19: =(D19-C19)/D19 -> 0.68639493 | F19: 90.63057 | G19: =(F19-C19)/F19 -> 0.71775544 | H19: =C19/(1-$H$16) -> 76.358166 | J19: =(D19*$J$5) -> 4.8940508 | K19: =(F19*$K$5) -> 5.4378342 | M19: BPSC Stair | N19: 1.1m | O19: ='BPSC. (+ Ply)'!O19 -> 30.665986 | P19: =R19-(R19*10%) -> 90.624015 | Q19: =(P19-O19)/P19 -> 0.66161303 | R19: 100.69335 | S19: =(R19-O19)/R19 -> 0.69545173 | T19: =O19/(1-$T$16) -> 87.36748 | V19: =(P19*$J$5) -> 5.4374409 | W19: =(R19*$K$5) -> 6.041601
A20: BPSC Stair | B20: 1.2m | C20: ='BPSC. (+ Ply)'!G20 -> 25.579986 | D20: =F20-(F20*10%) -> 83.844322 | E20: =(D20-C20)/D20 -> 0.69491094 | F20: 93.160358 | G20: =(F20-C20)/F20 -> 0.72541984 | H20: =C20/(1-$H$16) -> 76.358166 | J20: =(D20*$J$5) -> 5.0306593 | K20: =(F20*$K$5) -> 5.5896215 | M20: BPSC Stair | N20: 1.2m | O20: ='BPSC. (+ Ply)'!O20 -> 30.665986 | P20: =R20-(R20*10%) -> 92.797853 | Q20: =(P20-O20)/P20 -> 0.66953992 | R20: 103.10873 | S20: =(R20-O20)/R20 -> 0.70258593 | T20: =O20/(1-$T$16) -> 87.36748 | V20: =(P20*$J$5) -> 5.5678712 | W20: =(R20*$K$5) -> 6.1865235
A21: BPSC Stair | B21: 1.4m | C21: ='BPSC. (+ Ply)'!G21 -> 35.447582 | D21: =F21-(F21*10%) -> 95.456718 | E21: =(D21-C21)/D21 -> 0.62865283 | F21: 106.06302 | G21: =(F21-C21)/F21 -> 0.66578755 | H21: =C21/(1-$H$16) -> 105.81368 | J21: =(D21*$J$5) -> 5.7274031 | K21: =(F21*$K$5) -> 6.3637812 | M21: BPSC Stair | N21: 1.4m | O21: ='BPSC. (+ Ply)'!O21 -> 41.999582 | P21: =R21-(R21*10%) -> 107.53762 | Q21: =(P21-O21)/P21 -> 0.60944291 | R21: 119.48625 | S21: =(R21-O21)/R21 -> 0.64849862 | T21: =O21/(1-$T$16) -> 119.65693 | V21: =(P21*$J$5) -> 6.4522575 | W21: =(R21*$K$5) -> 7.169175
A22: BPSC Stair | B22: 1.6m | C22: ='BPSC. (+ Ply)'!G22 -> 41.099575 | D22: =F22-(F22*10%) -> 100.10436 | E22: =(D22-C22)/D22 -> 0.58943273 | F22: 111.22707 | G22: =(F22-C22)/F22 -> 0.63048946 | H22: =C22/(1-$H$16) -> 122.6853 | J22: =(D22*$J$5) -> 6.0062618 | K22: =(F22*$K$5) -> 6.6736242 | M22: BPSC Stair | N22: 1.6m | O22: ='BPSC. (+ Ply)'!O22 -> 48.605575 | P22: =R22-(R22*10%) -> 114.36309 | Q22: =(P22-O22)/P22 -> 0.57498897 | R22: 127.0701 | S22: =(R22-O22)/R22 -> 0.61749007 | T22: =O22/(1-$T$16) -> 138.47742 | V22: =(P22*$J$5) -> 6.8617854 | W22: =(R22*$K$5) -> 7.624206
A23: BPSC Stair | B23: 2.0m | C23: ='BPSC. (+ Ply)'!G23 -> 48.550902 | D23: =F23-(F23*10%) -> 127.51405 | E23: =(D23-C23)/D23 -> 0.61925056 | F23: 141.68227 | G23: =(F23-C23)/F23 -> 0.65732551 | H23: =C23/(1-$H$16) -> 144.92806 | J23: =(D23*$J$5) -> 7.6508428 | K23: =(F23*$K$5) -> 8.5009365 | M23: BPSC Stair | N23: 2.0m | O23: ='BPSC. (+ Ply)'!O23 -> 57.926235 | P23: =R23-(R23*10%) -> 138.83447 | Q23: =(P23-O23)/P23 -> 0.58276764 | R23: 154.26053 | S23: =(R23-O23)/R23 -> 0.62449087 | T23: =O23/(1-$T$16) -> 165.03201 | V23: =(P23*$J$5) -> 8.3300683 | W23: =(R23*$K$5) -> 9.2556315
A26: 300 x 40 - Sell Prices (June 2022) | J26: Freight | M26: 300 x 40 in PLY - Sell Prices (June 2022) | V26: Freight
A28: Pine Stringer - MDF Treads/Risers - (Up to 300mm) | M28: Pine Stringer - PLY Treads/Risers - (Up to 300mm)
A29: ITEM | B29: WIDTH | C29: COST | D29: W/SALE PRICE | E29: GP% | F29: RETAIL PRICE | G29: GP% | H29: Desired GP% | J29: W/SALE FREIGHT | K29: RETAIL FREIGHT | M29: ITEM | N29: WIDTH | O29: COST | P29: W/SALE PRICE | Q29: GP% | R29: RETAIL PRICE | S29: GP% | T29: Desired GP% | V29: W/SALE FREIGHT | W29: RETAIL FREIGHT
D30: (less 10%) | H30: 0.665 | J30: 0.06 | K30: 0.06 | P30: (less 10%) | T30: 0.649 | V30: 0.06 | W30: 0.06
A31: BPSC Stair | B31: 0.9m | C31: ='BPSC. (+ Ply)'!G31 -> 24.650252 | D31: =F31-(F31*10%) -> 77.844627 | E31: =(D31-C31)/D31 -> 0.68334035 | F31: 86.49403 | G31: =(F31-C31)/F31 -> 0.71500632 | H31: =C31/(1-$H$30) -> 73.582842 | J31: =(D31*$J$5) -> 4.6706776 | K31: =(F31*$K$5) -> 5.1896418 | M31: BPSC Stair | N31: 0.9m | O31: ='BPSC. (+ Ply)'!O31 -> 28.496252 | P31: =R31-(R31*10%) -> 83.947436 | Q31: =(P31-O31)/P31 -> 0.66054648 | R31: 93.274929 | S31: =(R31-O31)/R31 -> 0.69449184 | T31: =O31/(1-$T$30) -> 81.185904 | V31: =(P31*$J$5) -> 5.0368462 | W31: =(R31*$K$5) -> 5.5964957
A32: BPSC Stair | B32: 1.0m | C32: ='BPSC. (+ Ply)'!G32 -> 25.919586 | D32: =F32-(F32*10%) -> 81.132985 | E32: =(D32-C32)/D32 -> 0.68052962 | F32: 90.147761 | G32: =(F32-C32)/F32 -> 0.71247666 | H32: =C32/(1-$H$30) -> 77.371897 | J32: =(D32*$J$5) -> 4.8679791 | K32: =(F32*$K$5) -> 5.4088657 | M32: BPSC Stair | N32: 1.0m | O32: ='BPSC. (+ Ply)'!O32 -> 30.334919 | P32: =R32-(R32*10%) -> 90.00641 | Q32: =(P32-O32)/P32 -> 0.66296935 | R32: 100.00712 | S32: =(R32-O32)/R32 -> 0.69667242 | T32: =O32/(1-$T$30) -> 86.42427 | V32: =(P32*$J$5) -> 5.4003846 | W32: =(R32*$K$5) -> 6.0004274
A33: BPSC Stair | B33: 1.1m | C33: ='BPSC. (+ Ply)'!G33 -> 26.249586 | D33: =F33-(F33*10%) -> 83.537463 | E33: =(D33-C33)/D33 -> 0.68577468 | F33: 92.819403 | G33: =(F33-C33)/F33 -> 0.71719722 | H33: =C33/(1-$H$30) -> 78.356972 | J33: =(D33*$J$5) -> 5.0122478 | K33: =(F33*$K$5) -> 5.5691642 | M33: BPSC Stair | N33: 1.1m | O33: ='BPSC. (+ Ply)'!O33 -> 30.924919 | P33: =R33-(R33*10%) -> 91.455128 | Q33: =(P33-O33)/P33 -> 0.66185692 | R33: 101.61681 | S33: =(R33-O33)/R33 -> 0.69567123 | T33: =O33/(1-$T$30) -> 88.105182 | V33: =(P33*$J$5) -> 5.4873077 | W33: =(R33*$K$5) -> 6.0970085
A34: BPSC Stair | B34: 1.2m | C34: ='BPSC. (+ Ply)'!G34 -> 26.249586 | D34: =F34-(F34*10%) -> 85.814328 | E34: =(D34-C34)/D34 -> 0.69411186 | F34: 95.349254 | G34: =(F34-C34)/F34 -> 0.72470067 | H34: =C34/(1-$H$30) -> 78.356972 | J34: =(D34*$J$5) -> 5.1488597 | K34: =(F34*$K$5) -> 5.7209552 | M34: BPSC Stair | N34: 1.2m | O34: ='BPSC. (+ Ply)'!O34 -> 30.924919 | P34: =R34-(R34*10%) -> 93.628205 | Q34: =(P34-O34)/P34 -> 0.6697051 | R34: 104.03134 | S34: =(R34-O34)/R34 -> 0.70273459 | T34: =O34/(1-$T$30) -> 88.105182 | V34: =(P34*$J$5) -> 5.6176923 | W34: =(R34*$K$5) -> 6.2418803
A35: BPSC Stair | B35: 1.4m | C35: ='BPSC. (+ Ply)'!G35 -> 34.549182 | D35: =F35-(F35*10%) -> 93.364925 | E35: =(D35-C35)/D35 -> 0.62995545 | F35: 103.73881 | G35: =(F35-C35)/F35 -> 0.66695991 | H35: =C35/(1-$H$30) -> 103.13189 | J35: =(D35*$J$5) -> 5.6018955 | K35: =(F35*$K$5) -> 6.2243284 | M35: BPSC Stair | N35: 1.4m | O35: ='BPSC. (+ Ply)'!O35 -> 39.999848 | P35: =R35-(R35*10%) -> 102.77821 | Q35: =(P35-O35)/P35 -> 0.6108139 | R35: 114.19801 | S35: =(R35-O35)/R35 -> 0.64973251 | T35: =O35/(1-$T$30) -> 113.95968 | V35: =(P35*$J$5) -> 6.1666923 | W35: =(R35*$K$5) -> 6.8518803
A36: BPSC Stair | B36: 1.6m | C36: ='BPSC. (+ Ply)'!G36 -> 39.855842 | D36: =F36-(F36*10%) -> 97.11806 | E36: =(D36-C36)/D36 -> 0.58961452 | F36: 107.90896 | G36: =(F36-C36)/F36 -> 0.63065307 | H36: =C36/(1-$H$30) -> 118.97266 | J36: =(D36*$J$5) -> 5.8270836 | K36: =(F36*$K$5) -> 6.4745373 | M36: BPSC Stair | N36: 1.6m | O36: ='BPSC. (+ Ply)'!O36 -> 46.092508 | P36: =R36-(R36*10%) -> 108.33205 | Q36: =(P36-O36)/P36 -> 0.57452566 | R36: 120.36895 | S36: =(R36-O36)/R36 -> 0.61707309 | T36: =O36/(1-$T$30) -> 131.31769 | V36: =(P36*$J$5) -> 6.4999231 | W36: =(R36*$K$5) -> 7.2221368
A37: BPSC Stair | B37: 2.0m | C37: ='BPSC. (+ Ply)'!G37 -> 46.607168 | D37: =F37-(F37*10%) -> 116.03552 | E37: =(D37-C37)/D37 -> 0.59833707 | F37: 128.92836 | G37: =(F37-C37)/F37 -> 0.63850336 | H37: =C37/(1-$H$30) -> 139.12588 | J37: =(D37*$J$5) -> 6.9621313 | K37: =(F37*$K$5) -> 7.7357015 | M37: BPSC Stair | N37: 2.0m | O37: ='BPSC. (+ Ply)'!O37 -> 54.395835 | P37: =R37-(R37*10%) -> 130.27949 | Q37: =(P37-O37)/P37 -> 0.58246815 | R37: 144.75499 | S37: =(R37-O37)/R37 -> 0.62422134 | T37: =O37/(1-$T$30) -> 154.97389 | V37: =(P37*$J$5) -> 7.8167692 | W37: =(R37*$K$5) -> 8.6852991
A39: Pine Stringer - MDF Treads/Risers - (300mm +) | M39: Pine Stringer - PLY Treads/Risers - (300mm +)
A40: ITEM | B40: WIDTH | C40: COST | D40: W/SALE PRICE | E40: GP% | F40: RETAIL PRICE | G40: GP% | H40: Desired GP% | J40: W/SALE FREIGHT | K40: RETAIL FREIGHT | M40: ITEM | N40: WIDTH | O40: COST | P40: W/SALE PRICE | Q40: GP% | R40: RETAIL PRICE | S40: GP% | T40: Desired GP% | V40: W/SALE FREIGHT | W40: RETAIL FREIGHT
D41: (less 10%) | H41: 0.665 | J41: 0.06 | K41: 0.06 | P41: (less 10%) | T41: 0.649 | V41: 0.06 | W41: 0.06
A42: BPSC Stair | B42: 0.9m | C42: ='BPSC. (+ Ply)'!G42 -> 26.815586 | D42: =F42-(F42*10%) -> 83.454179 | E42: =(D42-C42)/D42 -> 0.67867894 | F42: 92.726866 | G42: =(F42-C42)/F42 -> 0.71081104 | H42: =C42/(1-$H$41) -> 80.046524 | J42: =(D42*$J$5) -> 5.0072507 | K42: =(F42*$K$5) -> 5.5636119 | M42: BPSC Stair | N42: 0.9m | O42: ='BPSC. (+ Ply)'!O42 -> 31.641586 | P42: =R42-(R42*10%) -> 91.724359 | Q42: =(P42-O42)/P42 -> 0.65503618 | R42: 101.91595 | S42: =(R42-O42)/R42 -> 0.68953256 | T42: =O42/(1-$T$41) -> 90.146967 | V42: =(P42*$J$5) -> 5.5034615 | W42: =(R42*$K$5) -> 6.1149573
A43: BPSC Stair | B43: 1.0m | C43: ='BPSC. (+ Ply)'!G43 -> 26.815586 | D43: =F43-(F43*10%) -> 83.454179 | E43: =(D43-C43)/D43 -> 0.67867894 | F43: 92.726866 | G43: =(F43-C43)/F43 -> 0.71081104 | H43: =C43/(1-$H$41) -> 80.046524 | J43: =(D43*$J$5) -> 5.0072507 | K43: =(F43*$K$5) -> 5.5636119 | M43: BPSC Stair | N43: 1.0m | O43: ='BPSC. (+ Ply)'!O43 -> 31.641586 | P43: =R43-(R43*10%) -> 93.237179 | Q43: =(P43-O43)/P43 -> 0.66063339 | R43: 103.59687 | S43: =(R43-O43)/R43 -> 0.69457005 | T43: =O43/(1-$T$41) -> 90.146967 | V43: =(P43*$J$5) -> 5.5942308 | W43: =(R43*$K$5) -> 6.215812
A44: BPSC Stair | B44: 1.1m | C44: ='BPSC. (+ Ply)'!G44 -> 27.145586 | D44: =F44-(F44*10%) -> 85.858657 | E44: =(D44-C44)/D44 -> 0.68383403 | F44: 95.398507 | G44: =(F44-C44)/F44 -> 0.71545063 | H44: =C44/(1-$H$41) -> 81.031599 | J44: =(D44*$J$5) -> 5.1515194 | K44: =(F44*$K$5) -> 5.7239104 | M44: BPSC Stair | N44: 1.1m | O44: ='BPSC. (+ Ply)'!O44 -> 32.231586 | P44: =R44-(R44*10%) -> 94.685897 | Q44: =(P44-O44)/P44 -> 0.65959466 | R44: 105.20655 | S44: =(R44-O44)/R44 -> 0.69363519 | T44: =O44/(1-$T$41) -> 91.827879 | V44: =(P44*$J$5) -> 5.6811538 | W44: =(R44*$K$5) -> 6.3123932
A45: BPSC Stair | B45: 1.2m | C45: ='BPSC. (+ Ply)'!G45 -> 27.145586 | D45: =F45-(F45*10%) -> 88.135522 | E45: =(D45-C45)/D45 -> 0.69200176 | F45: 97.928358 | G45: =(F45-C45)/F45 -> 0.72280159 | H45: =C45/(1-$H$41) -> 81.031599 | J45: =(D45*$J$5) -> 5.2881313 | K45: =(F45*$K$5) -> 5.8757015 | M45: BPSC Stair | N45: 1.2m | O45: ='BPSC. (+ Ply)'!O45 -> 32.231586 | P45: =R45-(R45*10%) -> 96.858974 | Q45: =(P45-O45)/P45 -> 0.66723181 | R45: 107.62108 | S45: =(R45-O45)/R45 -> 0.70050863 | T45: =O45/(1-$T$41) -> 91.827879 | V45: =(P45*$J$5) -> 5.8115385 | W45: =(R45*$K$5) -> 6.457265
A46: BPSC Stair | B46: 1.4m | C46: ='BPSC. (+ Ply)'!G46 -> 37.013182 | D46: =F46-(F46*10%) -> 99.748209 | E46: =(D46-C46)/D46 -> 0.62893387 | F46: 110.83134 | G46: =(F46-C46)/F46 -> 0.66604048 | H46: =C46/(1-$H$41) -> 110.48711 | J46: =(D46*$J$5) -> 5.9848925 | K46: =(F46*$K$5) -> 6.6498806 | M46: BPSC Stair | N46: 1.4m | O46: ='BPSC. (+ Ply)'!O46 -> 43.565182 | P46: =R46-(R46*10%) -> 111.59359 | Q46: =(P46-O46)/P46 -> 0.60960856 | R46: 123.99288 | S46: =(R46-O46)/R46 -> 0.64864771 | T46: =O46/(1-$T$41) -> 124.11733 | V46: =(P46*$J$5) -> 6.6956154 | W46: =(R46*$K$5) -> 7.4395726
A47: BPSC Stair | B47: 1.6m | C47: ='BPSC. (+ Ply)'!G47 -> 42.665175 | D47: =F47-(F47*10%) -> 104.39597 | E47: =(D47-C47)/D47 -> 0.59131397 | F47: 115.99552 | G47: =(F47-C47)/F47 -> 0.63218257 | H47: =C47/(1-$H$41) -> 127.35873 | J47: =(D47*$J$5) -> 6.2637582 | K47: =(F47*$K$5) -> 6.9597313 | M47: BPSC Stair | N47: 1.6m | O47: ='BPSC. (+ Ply)'!O47 -> 50.171175 | P47: =R47-(R47*10%) -> 118.41667 | Q47: =(P47-O47)/P47 -> 0.57631661 | R47: 131.57407 | S47: =(R47-O47)/R47 -> 0.61868495 | T47: =O47/(1-$T$41) -> 142.93782 | V47: =(P47*$J$5) -> 7.105 | W47: =(R47*$K$5) -> 7.8944444
A48: BPSC Stair | B48: 2.0m | C48: ='BPSC. (+ Ply)'!G48 -> 50.116502 | D48: =F48-(F48*10%) -> 125.12687 | E48: =(D48-C48)/D48 -> 0.59947449 | F48: 139.02985 | G48: =(F48-C48)/F48 -> 0.63952704 | H48: =C48/(1-$H$41) -> 149.6015 | J48: =(D48*$J$5) -> 7.5076119 | K48: =(F48*$K$5) -> 8.341791 | M48: BPSC Stair | N48: 2.0m | O48: ='BPSC. (+ Ply)'!O48 -> 59.491835 | P48: =R48-(R48*10%) -> 142.87949 | Q48: =(P48-O48)/P48 -> 0.58362228 | R48: 158.75499 | S48: =(R48-O48)/R48 -> 0.62526005 | T48: =O48/(1-$T$41) -> 169.49241 | V48: =(P48*$J$5) -> 8.5727692 | W48: =(R48*$K$5) -> 9.5252991
A51: 300 x 50 - Sell Prices (June 2022) | J51: Freight | M51: 300 x 50 in PLY - Sell Prices (June 2022) | V51: Freight
A53: Pine Stringer - MDF Treads/Risers - (Up to 300mm) | M53: Pine Stringer - PLY Treads/Risers - (Up to 300mm)
A54: ITEM | B54: WIDTH | C54: COST | D54: W/SALE PRICE | E54: GP% | F54: RETAIL PRICE | G54: GP% | H54: Desired GP% | J54: W/SALE FREIGHT | K54: RETAIL FREIGHT | M54: ITEM | N54: WIDTH | O54: COST | P54: W/SALE PRICE | Q54: GP% | R54: RETAIL PRICE | S54: GP% | T54: Desired GP% | V54: W/SALE FREIGHT | W54: RETAIL FREIGHT
D55: (less 10%) | H55: 0.665 | J55: 0.06 | K55: 0.06 | P55: (less 10%) | T55: 0.649 | V55: 0.06 | W55: 0.06
A56: BPSC Stair | B56: 0.9m | C56: ='BPSC. (+ Ply)'!G56 -> 26.915052 | D56: =F56-(F56*10%) -> 84.447 | E56: =(D56-C56)/D56 -> 0.68127876 | F56: 93.83 | G56: =(F56-C56)/F56 -> 0.71315089 | H56: =C56/(1-$H$55) -> 80.343439 | J56: =(D56*$J$5) -> 5.06682 | K56: =(F56*$K$5) -> 5.6298 | M56: BPSC Stair | N56: 0.9m | O56: ='BPSC. (+ Ply)'!O56 -> 30.761052 | P56: =R56-(R56*10%) -> 90.279 | Q56: =(P56-O56)/P56 -> 0.6592668 | R56: 100.31 | S56: =(R56-O56)/R56 -> 0.69334012 | T56: =O56/(1-$T$55) -> 87.638325 | V56: =(P56*$J$5) -> 5.41674 | W56: =(R56*$K$5) -> 6.0186
A57: BPSC Stair | B57: 1.0m | C57: ='BPSC. (+ Ply)'!G57 -> 28.184386 | D57: =F57-(F57*10%) -> 87.732 | E57: =(D57-C57)/D57 -> 0.67874452 | F57: 97.48 | G57: =(F57-C57)/F57 -> 0.71087007 | H57: =C57/(1-$H$55) -> 84.132494 | J57: =(D57*$J$5) -> 5.26392 | K57: =(F57*$K$5) -> 5.8488 | M57: BPSC Stair | N57: 1.0m | O57: ='BPSC. (+ Ply)'!O57 -> 32.599719 | P57: =R57-(R57*10%) -> 96.345 | Q57: =(P57-O57)/P57 -> 0.66163559 | R57: 107.05 | S57: =(R57-O57)/R57 -> 0.69547203 | T57: =O57/(1-$T$55) -> 92.876692 | V57: =(P57*$J$5) -> 5.7807 | W57: =(R57*$K$5) -> 6.423
A58: BPSC Stair | B58: 1.1m | C58: ='BPSC. (+ Ply)'!G58 -> 28.514386 | D58: =F58-(F58*10%) -> 90.144 | E58: =(D58-C58)/D58 -> 0.68367961 | F58: 100.16 | G58: =(F58-C58)/F58 -> 0.71531165 | H58: =C58/(1-$H$55) -> 85.117569 | J58: =(D58*$J$5) -> 5.40864 | K58: =(F58*$K$5) -> 6.0096 | M58: BPSC Stair | N58: 1.1m | O58: ='BPSC. (+ Ply)'!O58 -> 33.189719 | P58: =R58-(R58*10%) -> 97.794 | Q58: =(P58-O58)/P58 -> 0.660616 | R58: 108.66 | S58: =(R58-O58)/R58 -> 0.6945544 | T58: =O58/(1-$T$55) -> 94.557604 | V58: =(P58*$J$5) -> 5.86764 | W58: =(R58*$K$5) -> 6.5196
A59: BPSC Stair | B59: 1.2m | C59: ='BPSC. (+ Ply)'!G59 -> 28.514386 | D59: =F59-(F59*10%) -> 92.421 | E59: =(D59-C59)/D59 -> 0.69147287 | F59: 102.69 | G59: =(F59-C59)/F59 -> 0.72232559 | H59: =C59/(1-$H$55) -> 85.117569 | J59: =(D59*$J$5) -> 5.54526 | K59: =(F59*$K$5) -> 6.1614 | M59: BPSC Stair | N59: 1.2m | O59: ='BPSC. (+ Ply)'!O59 -> 33.189719 | P59: =R59-(R59*10%) -> 99.963 | Q59: =(P59-O59)/P59 -> 0.66797996 | R59: 111.07 | S59: =(R59-O59)/R59 -> 0.70118197 | T59: =O59/(1-$T$55) -> 94.557604 | V59: =(P59*$J$5) -> 5.99778 | W59: =(R59*$K$5) -> 6.6642
A60: BPSC Stair | B60: 1.4m | C60: ='BPSC. (+ Ply)'!G60 -> 37.961582 | D60: =F60-(F60*10%) -> 99.963 | E60: =(D60-C60)/D60 -> 0.62024367 | F60: 111.07 | G60: =(F60-C60)/F60 -> 0.65821931 | H60: =C60/(1-$H$55) -> 113.31815 | J60: =(D60*$J$5) -> 5.99778 | K60: =(F60*$K$5) -> 6.6642 | M60: BPSC Stair | N60: 1.4m | O60: ='BPSC. (+ Ply)'!O60 -> 43.412248 | P60: =R60-(R60*10%) -> 109.116 | Q60: =(P60-O60)/P60 -> 0.6021459 | R60: 121.24 | S60: =(R60-O60)/R60 -> 0.64193131 | T60: =O60/(1-$T$55) -> 123.68162 | V60: =(P60*$J$5) -> 6.54696 | W60: =(R60*$K$5) -> 7.2744
A61: BPSC Stair | B61: 1.6m | C61: ='BPSC. (+ Ply)'!G61 -> 43.268242 | D61: =F61-(F61*10%) -> 103.716 | E61: =(D61-C61)/D61 -> 0.58281999 | F61: 115.24 | G61: =(F61-C61)/F61 -> 0.62453799 | H61: =C61/(1-$H$55) -> 129.15893 | J61: =(D61*$J$5) -> 6.22296 | K61: =(F61*$K$5) -> 6.9144 | M61: BPSC Stair | N61: 1.6m | O61: ='BPSC. (+ Ply)'!O61 -> 49.504908 | P61: =R61-(R61*10%) -> 114.678 | Q61: =(P61-O61)/P61 -> 0.56831381 | R61: 127.42 | S61: =(R61-O61)/R61 -> 0.61148243 | T61: =O61/(1-$T$55) -> 141.03962 | V61: =(P61*$J$5) -> 6.88068 | W61: =(R61*$K$5) -> 7.6452
A62: BPSC Stair | B62: 2.0m | C62: ='BPSC. (+ Ply)'!G62 -> 50.019568 | D62: =F62-(F62*10%) -> 129.42 | E62: =(D62-C62)/D62 -> 0.61350975 | F62: 143.8 | G62: =(F62-C62)/F62 -> 0.65215877 | H62: =C62/(1-$H$55) -> 149.31214 | J62: =(D62*$J$5) -> 7.7652 | K62: =(F62*$K$5) -> 8.628 | M62: BPSC Stair | N62: 2.0m | O62: ='BPSC. (+ Ply)'!O62 -> 57.808235 | P62: =R62-(R62*10%) -> 136.629 | Q62: =(P62-O62)/P62 -> 0.5768963 | R62: 151.81 | S62: =(R62-O62)/R62 -> 0.61920667 | T62: =O62/(1-$T$55) -> 164.69583 | V62: =(P62*$J$5) -> 8.19774 | W62: =(R62*$K$5) -> 9.1086
A64: Pine Stringer - MDF Treads/Risers - (300mm +) | M64: Pine Stringer - PLY Treads/Risers - (300mm +)
A65: ITEM | B65: WIDTH | C65: COST | D65: W/SALE PRICE | E65: GP% | F65: RETAIL PRICE | G65: GP% | H65: Desired GP% | J65: W/SALE FREIGHT | K65: RETAIL FREIGHT | M65: ITEM | N65: WIDTH | O65: COST | P65: W/SALE PRICE | Q65: GP% | R65: RETAIL PRICE | S65: GP% | T65: Desired GP% | V65: W/SALE FREIGHT | W65: RETAIL FREIGHT
D66: (less 10%) | H66: 0.665 | J66: 0.06 | K66: 0.06 | P66: (less 10%) | T66: 0.649 | V66: 0.06 | W66: 0.06
A67: BPSC Stair | B67: 0.9m | C67: ='BPSC. (+ Ply)'!G67 -> 29.080386 | D67: =F67-(F67*10%) -> 90.054 | E67: =(D67-C67)/D67 -> 0.67707836 | F67: 100.06 | G67: =(F67-C67)/F67 -> 0.70937052 | H67: =C67/(1-$H$66) -> 86.807121 | J67: =(D67*$J$5) -> 5.40324 | K67: =(F67*$K$5) -> 6.0036 | M67: BPSC Stair | N67: 0.9m | O67: ='BPSC. (+ Ply)'!O67 -> 33.906386 | P67: =R67-(R67*10%) -> 98.064 | Q67: =(P67-O67)/P67 -> 0.65424227 | R67: 108.96 | S67: =(R67-O67)/R67 -> 0.68881805 | T67: =O67/(1-$T$66) -> 96.599389 | V67: =(P67*$J$5) -> 5.88384 | W67: =(R67*$K$5) -> 6.5376
A68: BPSC Stair | B68: 1.0m | C68: ='BPSC. (+ Ply)'!G68 -> 29.080386 | D68: =F68-(F68*10%) -> 90.054403 | E68: =(D68-C68)/D68 -> 0.6770798 | F68: 100.06045 | G68: =(F68-C68)/F68 -> 0.70937182 | H68: =C68/(1-$H$66) -> 86.807121 | J68: =(D68*$J$5) -> 5.4032642 | K68: =(F68*$K$5) -> 6.0036269 | M68: BPSC Stair | N68: 1.0m | O68: ='BPSC. (+ Ply)'!O68 -> 33.906386 | P68: =R68-(R68*10%) -> 99.576 | Q68: =(P68-O68)/P68 -> 0.65949239 | R68: 110.64 | S68: =(R68-O68)/R68 -> 0.69354315 | T68: =O68/(1-$T$66) -> 96.599389 | V68: =(P68*$J$5) -> 5.97456 | W68: =(R68*$K$5) -> 6.6384
A69: BPSC Stair | B69: 1.1m | C69: ='BPSC. (+ Ply)'!G69 -> 29.410386 | D69: =F69-(F69*10%) -> 92.457 | E69: =(D69-C69)/D69 -> 0.68190201 | F69: 102.73 | G69: =(F69-C69)/F69 -> 0.71371181 | H69: =C69/(1-$H$66) -> 87.792196 | J69: =(D69*$J$5) -> 5.54742 | K69: =(F69*$K$5) -> 6.1638 | M69: BPSC Stair | N69: 1.1m | O69: ='BPSC. (+ Ply)'!O69 -> 34.496386 | P69: =R69-(R69*10%) -> 101.025 | Q69: =(P69-O69)/P69 -> 0.65853615 | R69: 112.25 | S69: =(R69-O69)/R69 -> 0.69268253 | T69: =O69/(1-$T$66) -> 98.280301 | V69: =(P69*$J$5) -> 6.0615 | W69: =(R69*$K$5) -> 6.735
A70: BPSC Stair | B70: 1.2m | C70: ='BPSC. (+ Ply)'!G70 -> 29.410386 | D70: =F70-(F70*10%) -> 94.734 | E70: =(D70-C70)/D70 -> 0.68954773 | F70: 105.26 | G70: =(F70-C70)/F70 -> 0.72059296 | H70: =C70/(1-$H$66) -> 87.792196 | J70: =(D70*$J$5) -> 5.68404 | K70: =(F70*$K$5) -> 6.3156 | M70: BPSC Stair | N70: 1.2m | O70: ='BPSC. (+ Ply)'!O70 -> 34.496386 | P70: =R70-(R70*10%) -> 103.203 | Q70: =(P70-O70)/P70 -> 0.66574241 | R70: 114.67 | S70: =(R70-O70)/R70 -> 0.69916817 | T70: =O70/(1-$T$66) -> 98.280301 | V70: =(P70*$J$5) -> 6.19218 | W70: =(R70*$K$5) -> 6.8802
A71: BPSC Stair | B71: 1.4m | C71: ='BPSC. (+ Ply)'!G71 -> 40.425582 | D71: =F71-(F71*10%) -> 106.353 | E71: =(D71-C71)/D71 -> 0.61989242 | F71: 118.17 | G71: =(F71-C71)/F71 -> 0.65790318 | H71: =C71/(1-$H$66) -> 120.67338 | J71: =(D71*$J$5) -> 6.38118 | K71: =(F71*$K$5) -> 7.0902 | M71: BPSC Stair | N71: 1.4m | O71: ='BPSC. (+ Ply)'!O71 -> 46.977582 | P71: =R71-(R71*10%) -> 117.936 | Q71: =(P71-O71)/P71 -> 0.60166886 | R71: 131.04 | S71: =(R71-O71)/R71 -> 0.64150197 | T71: =O71/(1-$T$66) -> 133.83926 | V71: =(P71*$J$5) -> 7.07616 | W71: =(R71*$K$5) -> 7.8624
A72: BPSC Stair | B72: 1.6m | C72: ='BPSC. (+ Ply)'!G72 -> 46.077575 | D72: =F72-(F72*10%) -> 110.997 | E72: =(D72-C72)/D72 -> 0.58487549 | F72: 123.33 | G72: =(F72-C72)/F72 -> 0.62638794 | H72: =C72/(1-$H$66) -> 137.545 | J72: =(D72*$J$5) -> 6.65982 | K72: =(F72*$K$5) -> 7.3998 | M72: BPSC Stair | N72: 1.6m | O72: ='BPSC. (+ Ply)'!O72 -> 53.583575 | P72: =R72-(R72*10%) -> 124.767 | Q72: =(P72-O72)/P72 -> 0.57053087 | R72: 138.63 | S72: =(R72-O72)/R72 -> 0.61347778 | T72: =O72/(1-$T$66) -> 152.65976 | V72: =(P72*$J$5) -> 7.48602 | W72: =(R72*$K$5) -> 8.3178
A73: BPSC Stair | B73: 2.0m | C73: ='BPSC. (+ Ply)'!G73 -> 53.528902 | D73: =F73-(F73*10%) -> 139.014 | E73: =(D73-C73)/D73 -> 0.61493877 | F73: 154.46 | G73: =(F73-C73)/F73 -> 0.65344489 | H73: =C73/(1-$H$66) -> 159.78777 | J73: =(D73*$J$5) -> 8.34084 | K73: =(F73*$K$5) -> 9.2676 | M73: BPSC Stair | N73: 2.0m | O73: ='BPSC. (+ Ply)'!O73 -> 62.904235 | P73: =R73-(R73*10%) -> 149.238 | Q73: =(P73-O73)/P73 -> 0.5784972 | R73: 165.82 | S73: =(R73-O73)/R73 -> 0.62064748 | T73: =O73/(1-$T$66) -> 179.21434 | V73: =(P73*$J$5) -> 8.95428 | W73: =(R73*$K$5) -> 9.9492
A76: 300mm x 40mm CUT-UNDER - Sell Prices (June 2022) | J76: Freight | M76: 300mm x 40mm CUT-UNDER in PLY - Sell Prices (June 2022) | V76: Freight
A78: Pine Stringer - MDF Treads/Risers - (Up to 300mm) | M78: Pine Stringer - PLY Treads/Risers - (Up to 300mm)
A79: ITEM | B79: WIDTH | C79: COST | D79: W/SALE PRICE | E79: GP% | F79: RETAIL PRICE | G79: GP% | H79: Desired GP% | J79: W/SALE FREIGHT | K79: RETAIL FREIGHT | M79: ITEM | N79: WIDTH | O79: COST | P79: W/SALE PRICE | Q79: GP% | R79: RETAIL PRICE | S79: GP% | T79: Desired GP% | V79: W/SALE FREIGHT | W79: RETAIL FREIGHT
D80: (less 10%) | H80: 0.66 | J80: 0.06 | K80: 0.06 | P80: (less 10%) | T80: 0.65 | V80: 0.06 | W80: 0.06
A81: BPSC Stair | B81: 0.9m | C81: ='BPSC. (+ Ply)'!G81 -> 26.263583 | D81: =F81-(F81*10%) -> 84.357 | E81: =(D81-C81)/D81 -> 0.68866149 | F81: 93.73 | G81: =(F81-C81)/F81 -> 0.71979534 | H81: =C81/(1-$H$80) -> 77.245832 | J81: =(D81*$J$5) -> 5.06142 | K81: =(F81*$K$5) -> 5.6238 | M81: BPSC Stair | N81: 0.9m | O81: ='BPSC. (+ Ply)'!O81 -> 30.109583 | P81: =R81-(R81*10%) -> 90.684 | Q81: =(P81-O81)/P81 -> 0.66797249 | R81: 100.76 | S81: =(R81-O81)/R81 -> 0.70117524 | T81: =O81/(1-$T$80) -> 86.027379 | V81: =(P81*$J$5) -> 5.44104 | W81: =(R81*$K$5) -> 6.0456
A82: BPSC Stair | B82: 1.0m | C82: ='BPSC. (+ Ply)'!G82 -> 27.532916 | D82: =F82-(F82*10%) -> 87.642 | E82: =(D82-C82)/D82 -> 0.68584793 | F82: 97.38 | G82: =(F82-C82)/F82 -> 0.71726313 | H82: =C82/(1-$H$80) -> 80.979165 | J82: =(D82*$J$5) -> 5.25852 | K82: =(F82*$K$5) -> 5.8428 | M82: BPSC Stair | N82: 1.0m | O82: ='BPSC. (+ Ply)'!O82 -> 31.948249 | P82: =R82-(R82*10%) -> 96.75 | Q82: =(P82-O82)/P82 -> 0.66978554 | R82: 107.5 | S82: =(R82-O82)/R82 -> 0.70280698 | T82: =O82/(1-$T$80) -> 91.280713 | V82: =(P82*$J$5) -> 5.805 | W82: =(R82*$K$5) -> 6.45
A83: BPSC Stair | B83: 1.1m | C83: ='BPSC. (+ Ply)'!G83 -> 27.862916 | D83: =F83-(F83*10%) -> 90.054 | E83: =(D83-C83)/D83 -> 0.69059768 | F83: 100.06 | G83: =(F83-C83)/F83 -> 0.72153792 | H83: =C83/(1-$H$80) -> 81.949753 | J83: =(D83*$J$5) -> 5.40324 | K83: =(F83*$K$5) -> 6.0036 | M83: BPSC Stair | N83: 1.1m | O83: ='BPSC. (+ Ply)'!O83 -> 32.538249 | P83: =R83-(R83*10%) -> 98.199 | Q83: =(P83-O83)/P83 -> 0.66864989 | R83: 109.11 | S83: =(R83-O83)/R83 -> 0.7017849 | T83: =O83/(1-$T$80) -> 92.966427 | V83: =(P83*$J$5) -> 5.89194 | W83: =(R83*$K$5) -> 6.5466
A84: BPSC Stair | B84: 1.2m | C84: ='BPSC. (+ Ply)'!G84 -> 27.862916 | D84: =F84-(F84*10%) -> 92.331 | E84: =(D84-C84)/D84 -> 0.69822794 | F84: 102.59 | G84: =(F84-C84)/F84 -> 0.72840515 | H84: =C84/(1-$H$80) -> 81.949753 | J84: =(D84*$J$5) -> 5.53986 | K84: =(F84*$K$5) -> 6.1554 | M84: BPSC Stair | N84: 1.2m | O84: ='BPSC. (+ Ply)'!O84 -> 32.538249 | P84: =R84-(R84*10%) -> 100.368 | Q84: =(P84-O84)/P84 -> 0.67581052 | R84: 111.52 | S84: =(R84-O84)/R84 -> 0.70822947 | T84: =O84/(1-$T$80) -> 92.966427 | V84: =(P84*$J$5) -> 6.02208 | W84: =(R84*$K$5) -> 6.6912
A85: BPSC Stair | B85: 1.4m | C85: ='BPSC. (+ Ply)'!G85 -> 36.177712 | D85: =F85-(F85*10%) -> 99.882 | E85: =(D85-C85)/D85 -> 0.63779548 | F85: 110.98 | G85: =(F85-C85)/F85 -> 0.67401593 | H85: =C85/(1-$H$80) -> 106.40504 | J85: =(D85*$J$5) -> 5.99292 | K85: =(F85*$K$5) -> 6.6588 | M85: BPSC Stair | N85: 1.4m | O85: ='BPSC. (+ Ply)'!O85 -> 41.628379 | P85: =R85-(R85*10%) -> 109.521 | Q85: =(P85-O85)/P85 -> 0.61990505 | R85: 121.69 | S85: =(R85-O85)/R85 -> 0.65791455 | T85: =O85/(1-$T$80) -> 118.93823 | V85: =(P85*$J$5) -> 6.57126 | W85: =(R85*$K$5) -> 7.3014
A86: BPSC Stair | B86: 1.6m | C86: ='BPSC. (+ Ply)'!G86 -> 41.484372 | D86: =F86-(F86*10%) -> 103.635 | E86: =(D86-C86)/D86 -> 0.59970693 | F86: 115.15 | G86: =(F86-C86)/F86 -> 0.63973624 | H86: =C86/(1-$H$80) -> 122.01286 | J86: =(D86*$J$5) -> 6.2181 | K86: =(F86*$K$5) -> 6.909 | M86: BPSC Stair | N86: 1.6m | O86: ='BPSC. (+ Ply)'!O86 -> 47.721039 | P86: =R86-(R86*10%) -> 115.083 | Q86: =(P86-O86)/P86 -> 0.58533373 | R86: 127.87 | S86: =(R86-O86)/R86 -> 0.62680035 | T86: =O86/(1-$T$80) -> 136.34583 | V86: =(P86*$J$5) -> 6.90498 | W86: =(R86*$K$5) -> 7.6722
A87: BPSC Stair | B87: 2.0m | C87: ='BPSC. (+ Ply)'!G87 -> 48.235699 | D87: =F87-(F87*10%) -> 128.727 | E87: =(D87-C87)/D87 -> 0.62528686 | F87: 143.03 | G87: =(F87-C87)/F87 -> 0.66275817 | H87: =C87/(1-$H$80) -> 141.8697 | J87: =(D87*$J$5) -> 7.72362 | K87: =(F87*$K$5) -> 8.5818 | M87: BPSC Stair | N87: 2.0m | O87: ='BPSC. (+ Ply)'!O87 -> 56.024366 | P87: =R87-(R87*10%) -> 137.034 | Q87: =(P87-O87)/P87 -> 0.59116449 | R87: 152.26 | S87: =(R87-O87)/R87 -> 0.63204804 | T87: =O87/(1-$T$80) -> 160.06962 | V87: =(P87*$J$5) -> 8.22204 | W87: =(R87*$K$5) -> 9.1356
A89: Pine Stringer - MDF Treads/Risers - (300mm +) | M89: Pine Stringer - PLY Treads/Risers - (300mm +)
A90: ITEM | B90: WIDTH | C90: COST | D90: W/SALE PRICE | E90: GP% | F90: RETAIL PRICE | G90: GP% | H90: Desired GP% | J90: W/SALE FREIGHT | K90: RETAIL FREIGHT | M90: ITEM | N90: WIDTH | O90: COST | P90: W/SALE PRICE | Q90: GP% | R90: RETAIL PRICE | S90: GP% | T90: Desired GP% | V90: W/SALE FREIGHT | W90: RETAIL FREIGHT
D91: (less 10%) | H91: 0.66 | J91: 0.06 | K91: 0.06 | P91: (less 10%) | T91: 0.65 | V91: 0.06 | W91: 0.06
A92: BPSC Stair | B92: 0.9m | C92: ='BPSC. (+ Ply)'!G92 -> 28.428916 | D92: =F92-(F92*10%) -> 89.964 | E92: =(D92-C92)/D92 -> 0.68399675 | F92: 99.96 | G92: =(F92-C92)/F92 -> 0.71559708 | H92: =C92/(1-$H$91) -> 83.614459 | J92: =(D92*$J$5) -> 5.39784 | K92: =(F92*$K$5) -> 5.9976 | M92: BPSC Stair | N92: 0.9m | O92: ='BPSC. (+ Ply)'!O92 -> 33.254916 | P92: =R92-(R92*10%) -> 98.469 | Q92: =(P92-O92)/P92 -> 0.66228035 | R92: 109.41 | S92: =(R92-O92)/R92 -> 0.69605232 | T92: =O92/(1-$T$91) -> 95.014046 | V92: =(P92*$J$5) -> 5.90814 | W92: =(R92*$K$5) -> 6.5646
A93: BPSC Stair | B93: 1.0m | C93: ='BPSC. (+ Ply)'!G93 -> 28.428916 | D93: =F93-(F93*10%) -> 90.099 | E93: =(D93-C93)/D93 -> 0.68447024 | F93: 100.11 | G93: =(F93-C93)/F93 -> 0.71602321 | H93: =C93/(1-$H$91) -> 83.614459 | J93: =(D93*$J$5) -> 5.40594 | K93: =(F93*$K$5) -> 6.0066 | M93: BPSC Stair | N93: 1.0m | O93: ='BPSC. (+ Ply)'!O93 -> 33.254916 | P93: =R93-(R93*10%) -> 99.981 | Q93: =(P93-O93)/P93 -> 0.66738764 | R93: 111.09 | S93: =(R93-O93)/R93 -> 0.70064888 | T93: =O93/(1-$T$91) -> 95.014046 | V93: =(P93*$J$5) -> 5.99886 | W93: =(R93*$K$5) -> 6.6654
A94: BPSC Stair | B94: 1.1m | C94: ='BPSC. (+ Ply)'!G94 -> 28.758916 | D94: =F94-(F94*10%) -> 92.376 | E94: =(D94-C94)/D94 -> 0.68867546 | F94: 102.64 | G94: =(F94-C94)/F94 -> 0.71980791 | H94: =C94/(1-$H$91) -> 84.585047 | J94: =(D94*$J$5) -> 5.54256 | K94: =(F94*$K$5) -> 6.1584 | M94: BPSC Stair | N94: 1.1m | O94: ='BPSC. (+ Ply)'!O94 -> 33.844916 | P94: =R94-(R94*10%) -> 101.43 | Q94: =(P94-O94)/P94 -> 0.66632243 | R94: 112.7 | S94: =(R94-O94)/R94 -> 0.69969019 | T94: =O94/(1-$T$91) -> 96.69976 | V94: =(P94*$J$5) -> 6.0858 | W94: =(R94*$K$5) -> 6.762
A95: BPSC Stair | B95: 1.2m | C95: ='BPSC. (+ Ply)'!G95 -> 28.758916 | D95: =F95-(F95*10%) -> 94.653 | E95: =(D95-C95)/D95 -> 0.69616477 | F95: 105.17 | G95: =(F95-C95)/F95 -> 0.72654829 | H95: =C95/(1-$H$91) -> 84.585047 | J95: =(D95*$J$5) -> 5.67918 | K95: =(F95*$K$5) -> 6.3102 | M95: BPSC Stair | N95: 1.2m | O95: ='BPSC. (+ Ply)'!O95 -> 33.844916 | P95: =R95-(R95*10%) -> 103.599 | Q95: =(P95-O95)/P95 -> 0.67330847 | R95: 115.11 | S95: =(R95-O95)/R95 -> 0.70597762 | T95: =O95/(1-$T$91) -> 96.69976 | V95: =(P95*$J$5) -> 6.21594 | W95: =(R95*$K$5) -> 6.9066
A96: BPSC Stair | B96: 1.4m | C96: ='BPSC. (+ Ply)'!G96 -> 38.641712 | D96: =F96-(F96*10%) -> 106.263 | E96: =(D96-C96)/D96 -> 0.63635779 | F96: 118.07 | G96: =(F96-C96)/F96 -> 0.67272201 | H96: =C96/(1-$H$91) -> 113.65209 | J96: =(D96*$J$5) -> 6.37578 | K96: =(F96*$K$5) -> 7.0842 | M96: BPSC Stair | N96: 1.4m | O96: ='BPSC. (+ Ply)'!O96 -> 45.193712 | P96: =R96-(R96*10%) -> 118.341 | Q96: =(P96-O96)/P96 -> 0.61810605 | R96: 131.49 | S96: =(R96-O96)/R96 -> 0.65629544 | T96: =O96/(1-$T$91) -> 129.12489 | V96: =(P96*$J$5) -> 7.10046 | W96: =(R96*$K$5) -> 7.8894
A97: BPSC Stair | B97: 1.6m | C97: ='BPSC. (+ Ply)'!G97 -> 44.293706 | D97: =F97-(F97*10%) -> 110.907 | E97: =(D97-C97)/D97 -> 0.60062299 | F97: 123.23 | G97: =(F97-C97)/F97 -> 0.64056069 | H97: =C97/(1-$H$91) -> 130.2756 | J97: =(D97*$J$5) -> 6.65442 | K97: =(F97*$K$5) -> 7.3938 | M97: BPSC Stair | N97: 1.6m | O97: ='BPSC. (+ Ply)'!O97 -> 51.799706 | P97: =R97-(R97*10%) -> 125.172 | Q97: =(P97-O97)/P97 -> 0.58617178 | R97: 139.08 | S97: =(R97-O97)/R97 -> 0.6275546 | T97: =O97/(1-$T$91) -> 147.99916 | V97: =(P97*$J$5) -> 7.51032 | W97: =(R97*$K$5) -> 8.3448
A98: BPSC Stair | B98: 2.0m | C98: ='BPSC. (+ Ply)'!G98 -> 51.745032 | D98: =F98-(F98*10%) -> 138.321 | E98: =(D98-C98)/D98 -> 0.62590617 | F98: 153.69 | G98: =(F98-C98)/F98 -> 0.66331556 | H98: =C98/(1-$H$91) -> 152.19127 | J98: =(D98*$J$5) -> 8.29926 | K98: =(F98*$K$5) -> 9.2214 | M98: BPSC Stair | N98: 2.0m | O98: ='BPSC. (+ Ply)'!O98 -> 61.120366 | P98: =R98-(R98*10%) -> 149.643 | Q98: =(P98-O98)/P98 -> 0.59155881 | R98: 166.27 | S98: =(R98-O98)/R98 -> 0.63240293 | T98: =O98/(1-$T$91) -> 174.62962 | V98: =(P98*$J$5) -> 8.97858 | W98: =(R98*$K$5) -> 9.9762
A101: 300mm x 50mm CUT-UNDER - Sell Prices (June 2022) | J101: Freight | M101: 300mm x 50mm CUT-UNDER in PLY - Sell Prices (June 2022) | V101: Freight
A103: Pine Stringer - MDF Treads/Risers - (Up to 300mm) | M103: Pine Stringer - PLY Treads/Risers - (Up to 300mm)
A104: ITEM | B104: WIDTH | C104: COST | D104: W/SALE PRICE | E104: GP% | F104: RETAIL PRICE | G104: GP% | H104: Desired GP% | J104: W/SALE FREIGHT | K104: RETAIL FREIGHT | M104: ITEM | N104: WIDTH | O104: COST | P104: W/SALE PRICE | Q104: GP% | R104: RETAIL PRICE | S104: GP% | T104: Desired GP% | V104: W/SALE FREIGHT | W104: RETAIL FREIGHT
D105: (less 10%) | H105: 0.66 | J105: 0.06 | K105: 0.06 | P105: (less 10%) | T105: 0.65 | V105: 0.06 | W105: 0.06
A106: BPSC Stair | B106: 0.9m | C106: ='BPSC. (+ Ply)'!G106 -> 28.528383 | D106: =F106-(F106*10%) -> 90.486 | E106: =(D106-C106)/D106 -> 0.68472048 | F106: 100.54 | G106: =(F106-C106)/F106 -> 0.71624843 | H106: =C106/(1-$H$105) -> 83.907008 | J106: =(D106*$J$5) -> 5.42916 | K106: =(F106*$K$5) -> 6.0324 | M106: BPSC Stair | N106: 0.9m | O106: ='BPSC. (+ Ply)'!O106 -> 32.374383 | P106: =R106-(R106*10%) -> 96.579 | Q106: =(P106-O106)/P106 -> 0.66478859 | R106: 107.31 | S106: =(R106-O106)/R106 -> 0.69830973 | T106: =O106/(1-$T$105) -> 92.498237 | V106: =(P106*$J$5) -> 5.79474 | W106: =(R106*$K$5) -> 6.4386
A107: BPSC Stair | B107: 1.0m | C107: ='BPSC. (+ Ply)'!G107 -> 29.797716 | D107: =F107-(F107*10%) -> 93.78 | E107: =(D107-C107)/D107 -> 0.68225937 | F107: 104.2 | G107: =(F107-C107)/F107 -> 0.71403343 | H107: =C107/(1-$H$105) -> 87.640342 | J107: =(D107*$J$5) -> 5.6268 | K107: =(F107*$K$5) -> 6.252 | M107: BPSC Stair | N107: 1.0m | O107: ='BPSC. (+ Ply)'!O107 -> 34.213049 | P107: =R107-(R107*10%) -> 102.645 | Q107: =(P107-O107)/P107 -> 0.66668567 | R107: 114.05 | S107: =(R107-O107)/R107 -> 0.7000171 | T107: =O107/(1-$T$105) -> 97.75157 | V107: =(P107*$J$5) -> 6.1587 | W107: =(R107*$K$5) -> 6.843
A108: BPSC Stair | B108: 1.1m | C108: ='BPSC. (+ Ply)'!G108 -> 30.127716 | D108: =F108-(F108*10%) -> 96.192 | E108: =(D108-C108)/D108 -> 0.68679603 | F108: 106.88 | G108: =(F108-C108)/F108 -> 0.71811643 | H108: =C108/(1-$H$105) -> 88.61093 | J108: =(D108*$J$5) -> 5.77152 | K108: =(F108*$K$5) -> 6.4128 | M108: BPSC Stair | N108: 1.1m | O108: ='BPSC. (+ Ply)'!O108 -> 34.803049 | P108: =R108-(R108*10%) -> 104.094 | Q108: =(P108-O108)/P108 -> 0.66565749 | R108: 115.66 | S108: =(R108-O108)/R108 -> 0.69909174 | T108: =O108/(1-$T$105) -> 99.437284 | V108: =(P108*$J$5) -> 6.24564 | W108: =(R108*$K$5) -> 6.9396
A109: BPSC Stair | B109: 1.2m | C109: ='BPSC. (+ Ply)'!G109 -> 30.127716 | D109: =F109-(F109*10%) -> 98.469 | E109: =(D109-C109)/D109 -> 0.69403857 | F109: 109.41 | G109: =(F109-C109)/F109 -> 0.72463471 | H109: =C109/(1-$H$105) -> 88.61093 | J109: =(D109*$J$5) -> 5.90814 | K109: =(F109*$K$5) -> 6.5646 | M109: BPSC Stair | N109: 1.2m | O109: ='BPSC. (+ Ply)'!O109 -> 34.803049 | P109: =R109-(R109*10%) -> 106.263 | Q109: =(P109-O109)/P109 -> 0.67248196 | R109: 118.07 | S109: =(R109-O109)/R109 -> 0.70523376 | T109: =O109/(1-$T$105) -> 99.437284 | V109: =(P109*$J$5) -> 6.37578 | W109: =(R109*$K$5) -> 7.0842
A110: BPSC Stair | B110: 1.4m | C110: ='BPSC. (+ Ply)'!G110 -> 39.574912 | D110: =F110-(F110*10%) -> 106.029 | E110: =(D110-C110)/D110 -> 0.62675389 | F110: 117.81 | G110: =(F110-C110)/F110 -> 0.6640785 | H110: =C110/(1-$H$105) -> 116.3968 | J110: =(D110*$J$5) -> 6.36174 | K110: =(F110*$K$5) -> 7.0686 | M110: BPSC Stair | N110: 1.4m | O110: ='BPSC. (+ Ply)'!O110 -> 45.025579 | P110: =R110-(R110*10%) -> 115.416 | Q110: =(P110-O110)/P110 -> 0.60988443 | R110: 128.24 | S110: =(R110-O110)/R110 -> 0.64889598 | T110: =O110/(1-$T$105) -> 128.64451 | V110: =(P110*$J$5) -> 6.92496 | W110: =(R110*$K$5) -> 7.6944
A111: BPSC Stair | B111: 1.6m | C111: ='BPSC. (+ Ply)'!G111 -> 44.881572 | D111: =F111-(F111*10%) -> 109.782 | E111: =(D111-C111)/D111 -> 0.59117549 | F111: 121.98 | G111: =(F111-C111)/F111 -> 0.63205794 | H111: =C111/(1-$H$105) -> 132.00462 | J111: =(D111*$J$5) -> 6.58692 | K111: =(F111*$K$5) -> 7.3188 | M111: BPSC Stair | N111: 1.6m | O111: ='BPSC. (+ Ply)'!O111 -> 51.118239 | P111: =R111-(R111*10%) -> 120.987 | Q111: =(P111-O111)/P111 -> 0.57748982 | R111: 134.43 | S111: =(R111-O111)/R111 -> 0.61974084 | T111: =O111/(1-$T$105) -> 146.05211 | V111: =(P111*$J$5) -> 7.25922 | W111: =(R111*$K$5) -> 8.0658
A112: BPSC Stair | B112: 2.0m | C112: ='BPSC. (+ Ply)'!G112 -> 51.632899 | D112: =F112-(F112*10%) -> 135.189 | E112: =(D112-C112)/D112 -> 0.61806879 | F112: 150.21 | G112: =(F112-C112)/F112 -> 0.65626191 | H112: =C112/(1-$H$105) -> 151.86147 | J112: =(D112*$J$5) -> 8.11134 | K112: =(F112*$K$5) -> 9.0126 | M112: BPSC Stair | N112: 2.0m | O112: ='BPSC. (+ Ply)'!O112 -> 59.421566 | P112: =R112-(R112*10%) -> 142.938 | Q112: =(P112-O112)/P112 -> 0.58428434 | R112: 158.82 | S112: =(R112-O112)/R112 -> 0.6258559 | T112: =O112/(1-$T$105) -> 169.7759 | V112: =(P112*$J$5) -> 8.57628 | W112: =(R112*$K$5) -> 9.5292
A114: Pine Stringer - MDF Treads/Risers - (300mm +) | M114: Pine Stringer - PLY Treads/Risers - (300mm +)
A115: ITEM | B115: WIDTH | C115: COST | D115: W/SALE PRICE | E115: GP% | F115: RETAIL PRICE | G115: GP% | H115: Desired GP% | J115: W/SALE FREIGHT | K115: RETAIL FREIGHT | M115: ITEM | N115: WIDTH | O115: COST | P115: W/SALE PRICE | Q115: GP% | R115: RETAIL PRICE | S115: GP% | T115: Desired GP% | V115: W/SALE FREIGHT | W115: RETAIL FREIGHT
D116: (less 10%) | H116: 0.66 | J116: 0.06 | K116: 0.06 | P116: (less 10%) | T116: 0.65 | V116: 0.06 | W116: 0.06
A117: BPSC Stair | B117: 0.9m | C117: ='BPSC. (+ Ply)'!G117 -> 30.693716 | D117: =F117-(F117*10%) -> 96.102 | E117: =(D117-C117)/D117 -> 0.68061314 | F117: 106.78 | G117: =(F117-C117)/F117 -> 0.71255183 | H117: =C117/(1-$H$116) -> 90.275636 | J117: =(D117*$J$5) -> 5.76612 | K117: =(F117*$K$5) -> 6.4068 | M117: BPSC Stair | N117: 0.9m | O117: ='BPSC. (+ Ply)'!O117 -> 35.519716 | P117: =R117-(R117*10%) -> 104.364 | Q117: =(P117-O117)/P117 -> 0.65965547 | R117: 115.96 | S117: =(R117-O117)/R117 -> 0.69368993 | T117: =O117/(1-$T$116) -> 101.4849 | V117: =(P117*$J$5) -> 6.26184 | W117: =(R117*$K$5) -> 6.9576
A118: BPSC Stair | B118: 1.0m | C118: ='BPSC. (+ Ply)'!G118 -> 30.693716 | D118: =F118-(F118*10%) -> 96.246 | E118: =(D118-C118)/D118 -> 0.68109099 | F118: 106.94 | G118: =(F118-C118)/F118 -> 0.7129819 | H118: =C118/(1-$H$116) -> 90.275636 | J118: =(D118*$J$5) -> 5.77476 | K118: =(F118*$K$5) -> 6.4164 | M118: BPSC Stair | N118: 1.0m | O118: ='BPSC. (+ Ply)'!O118 -> 35.519716 | P118: =R118-(R118*10%) -> 105.876 | Q118: =(P118-O118)/P118 -> 0.66451589 | R118: 117.64 | S118: =(R118-O118)/R118 -> 0.6980643 | T118: =O118/(1-$T$116) -> 101.4849 | V118: =(P118*$J$5) -> 6.35256 | W118: =(R118*$K$5) -> 7.0584
...

Sheet KO Spec
A1: Sell Prices as at June 2022 | J1: Freight
A4: Pine H1.2 Stringer - H3.2 Plywood Treads/Risers - (Up to 300mm)
A5: ITEM | B5: WIDTH | C5: COST | D5: W/SALE PRICE | E5: GP% | F5: RETAIL PRICE | G5: GP% | H5: Desired GP% | J5: W/SALE FREIGHT | K5: RETAIL FREIGHT
D6: (less 10%) | H6: 0.65 | J6: 0.06 | K6: 0.06
A7: KO Spec Stair | B7: 0.9m | C7: ='KO Spec.'!G6 -> 30.396652 | D7: =F7-(F7*10%) -> 88.605 | E7: =(D7-C7)/D7 -> 0.65694202 | F7: 98.45 | G7: =(F7-C7)/F7 -> 0.69124782 | H7: =C7/(1-$H$6) -> 86.847578 | J7: =(D7*$J$6) -> 5.3163 | K7: =(F7*$K$6) -> 5.907
A8: KO Spec Stair | B8: 1.0m | C8: ='KO Spec.'!G7 -> 32.785986 | D8: =F8-(F8*10%) -> 94.518 | E8: =(D8-C8)/D8 -> 0.65312443 | F8: 105.02 | G8: =(F8-C8)/F8 -> 0.68781198 | H8: =C8/(1-$H$6) -> 93.674244 | J8: =(D8*$J$6) -> 5.67108 | K8: =(F8*$K$6) -> 6.3012
A9: KO Spec Stair | B9: 1.1m | C9: ='KO Spec.'!G8 -> 33.475986 | D9: =F9-(F9*10%) -> 97.731 | E9: =(D9-C9)/D9 -> 0.6574681 | F9: 108.59 | G9: =(F9-C9)/F9 -> 0.69172129 | H9: =C9/(1-$H$6) -> 95.645673 | J9: =(D9*$J$6) -> 5.86386 | K9: =(F9*$K$6) -> 6.5154
A10: KO Spec Stair | B10: 1.2m | C10: ='KO Spec.'!G9 -> 33.475986 | D10: =F10-(F10*10%) -> 99.909 | E10: =(D10-C10)/D10 -> 0.66493524 | F10: 111.01 | G10: =(F10-C10)/F10 -> 0.69844171 | H10: =C10/(1-$H$6) -> 95.645673 | J10: =(D10*$J$6) -> 5.99454 | K10: =(F10*$K$6) -> 6.6606
A11: KO Spec Stair | B11: 1.4m | C11: ='KO Spec.'!G10 -> 44.923248 | D11: =F11-(F11*10%) -> 110.475 | E11: =(D11-C11)/D11 -> 0.59336277 | F11: 122.75 | G11: =(F11-C11)/F11 -> 0.63402649 | H11: =C11/(1-$H$6) -> 128.35214 | J11: =(D11*$J$6) -> 6.6285 | K11: =(F11*$K$6) -> 7.365
A12: KO Spec Stair | B12: 1.6m | C12: ='KO Spec.'!G11 -> 51.592575 | D12: =F12-(F12*10%) -> 117.468 | E12: =(D12-C12)/D12 -> 0.56079464 | F12: 130.52 | G12: =(F12-C12)/F12 -> 0.60471518 | H12: =C12/(1-$H$6) -> 147.40736 | J12: =(D12*$J$6) -> 7.04808 | K12: =(F12*$K$6) -> 7.8312
A13: KO Spec Stair | B13: 2.0m | C13: ='KO Spec.'!G12 -> 61.030568 | D13: =F13-(F13*10%) -> 142.245 | E13: =(D13-C13)/D13 -> 0.57094753 | F13: 158.05 | G13: =(F13-C13)/F13 -> 0.61385278 | H13: =C13/(1-$H$6) -> 174.37305 | J13: =(D13*$J$6) -> 8.5347 | K13: =(F13*$K$6) -> 9.483
A15: Pine H1.2 Stringer - H3.2 Treads/Risers - (300mm +)
A16: ITEM | B16: WIDTH | C16: COST | D16: W/SALE PRICE | E16: GP% | F16: RETAIL PRICE | G16: GP% | H16: Desired GP% | J16: W/SALE FREIGHT | K16: RETAIL FREIGHT
D17: (less 10%) | H17: 0.65 | J17: 0.06 | K17: 0.06
A18: KO Spec Stair | B18: 0.9m | C18: ='KO Spec.'!G17 -> 34.493986 | D18: =F18-(F18*10%) -> 98.738393 | E18: =(D18-C18)/D18 -> 0.65065275 | F18: 109.70933 | G18: =(F18-C18)/F18 -> 0.68558748 | H18: =C18/(1-$H$17) -> 98.554244 | J18: =(D18*$J$6) -> 5.9243036 | K18: =(F18*$K$6) -> 6.5825595
A19: KO Spec Stair | B19: 1.0m | C19: ='KO Spec.'!G18 -> 34.493986 | D19: =F19-(F19*10%) -> 98.738393 | E19: =(D19-C19)/D19 -> 0.65065275 | F19: 109.70933 | G19: =(F19-C19)/F19 -> 0.68558748 | H19: =C19/(1-$H$6) -> 98.554244 | J19: =(D19*$J$6) -> 5.9243036 | K19: =(F19*$K$6) -> 6.5825595
A20: KO Spec Stair | B20: 1.1m | C20: ='KO Spec.'!G19 -> 35.183986 | D20: =F20-(F20*10%) -> 101.95747 | E20: =(D20-C20)/D20 -> 0.65491507 | F20: 113.28608 | G20: =(F20-C20)/F20 -> 0.68942356 | H20: =C20/(1-$H$6) -> 100.52567 | J20: =(D20*$J$6) -> 6.1174481 | K20: =(F20*$K$6) -> 6.7971645
A21: KO Spec Stair | B21: 1.2m | C21: ='KO Spec.'!G20 -> 35.183986 | D21: =F21-(F21*10%) -> 104.13131 | E21: =(D21-C21)/D21 -> 0.66211904 | F21: 115.70145 | G21: =(F21-C21)/F21 -> 0.69590713 | H21: =C21/(1-$H$6) -> 100.52567 | J21: =(D21*$J$6) -> 6.2478783 | K21: =(F21*$K$6) -> 6.942087
A22: KO Spec Stair | B22: 1.4m | C22: ='KO Spec.'!G21 -> 49.571248 | D22: =F22-(F22*10%) -> 121.9696 | E22: =(D22-C22)/D22 -> 0.59357701 | F22: 135.52177 | G22: =(F22-C22)/F22 -> 0.63421931 | H22: =C22/(1-$H$6) -> 141.63214 | J22: =(D22*$J$6) -> 7.3181758 | K22: =(F22*$K$6) -> 8.1313065
A23: KO Spec Stair | B23: 1.6m | C23: ='KO Spec.'!G22 -> 56.903242 | D23: =F23-(F23*10%) -> 130.60082 | E23: =(D23-C23)/D23 -> 0.56429645 | F23: 145.11203 | G23: =(F23-C23)/F23 -> 0.60786681 | H23: =C23/(1-$H$6) -> 162.58069 | J23: =(D23*$J$6) -> 7.8360494 | K23: =(F23*$K$6) -> 8.7067215
A24: KO Spec Stair | B24: 2.0m | C24: ='KO Spec.'!G23 -> 67.666568 | D24: =F24-(F24*10%) -> 158.66064 | E24: =(D24-C24)/D24 -> 0.57351383 | F24: 176.2896 | G24: =(F24-C24)/F24 -> 0.61616245 | H24: =C24/(1-$H$6) -> 193.33305 | J24: =(D24*$J$6) -> 9.5196384 | K24: =(F24*$K$6) -> 10.577376
A27: 300 x 50 - Sell Prices (August 2024) | J27: Freight
A30: Pine H3.2 300x50 Stringer - H3.2 Plywood Treads/Risers - (Up to 300mm)
A31: ITEM | B31: WIDTH | C31: COST | D31: W/SALE PRICE | E31: GP% | F31: RETAIL PRICE | G31: GP% | H31: Desired GP% | J31: W/SALE FREIGHT | K31: RETAIL FREIGHT
D32: (less 10%) | H32: 0.65 | J32: 0.06 | K32: 0.06
A33: KO Spec Stair | B33: 0.9m | C33: ='KO Spec.'!G30 -> 34.857852 | D33: =F33-(F33*10%) -> 103.83236 | E33: =(D33-C33)/D33 -> 0.66428719 | F33: 115.36929 | G33: =(F33-C33)/F33 -> 0.69785847 | H33: =C33/(1-$H$32) -> 99.593863 | J33: =(D33*$J$6) -> 6.2299414 | K33: =(F33*$K$6) -> 6.9221571
A34: KO Spec Stair | B34: 1.0m | C34: ='KO Spec.'!G31 -> 37.247186 | D34: =F34-(F34*10%) -> 109.75693 | E34: =(D34-C34)/D34 -> 0.66063932 | F34: 121.95214 | G34: =(F34-C34)/F34 -> 0.69457539 | H34: =C34/(1-$H$32) -> 106.42053 | J34: =(D34*$J$6) -> 6.5854157 | K34: =(F34*$K$6) -> 7.3171286
A35: KO Spec Stair | B35: 1.1m | C35: ='KO Spec.'!G32 -> 37.937186 | D35: =F35-(F35*10%) -> 112.98407 | E35: =(D35-C35)/D35 -> 0.66422536 | F35: 125.53786 | G35: =(F35-C35)/F35 -> 0.69780283 | H35: =C35/(1-$H$32) -> 108.39196 | J35: =(D35*$J$6) -> 6.7790443 | K35: =(F35*$K$6) -> 7.5322714
A36: KO Spec Stair | B36: 1.2m | C36: ='KO Spec.'!G33 -> 37.937186 | D36: =F36-(F36*10%) -> 115.16336 | E36: =(D36-C36)/D36 -> 0.67057937 | F36: 127.95929 | G36: =(F36-C36)/F36 -> 0.70352143 | H36: =C36/(1-$H$32) -> 108.39196 | J36: =(D36*$J$6) -> 6.9098014 | K36: =(F36*$K$6) -> 7.6775571
A37: KO Spec Stair | B37: 1.4m | C37: ='KO Spec.'!G34 -> 49.384448 | D37: =F37-(F37*10%) -> 125.75636 | E37: =(D37-C37)/D37 -> 0.60730058 | F37: 139.72929 | G37: =(F37-C37)/F37 -> 0.64657052 | H37: =C37/(1-$H$32) -> 141.09842 | J37: =(D37*$J$6) -> 7.5453814 | K37: =(F37*$K$6) -> 8.3837571
A38: KO Spec Stair | B38: 1.6m | C38: ='KO Spec.'!G35 -> 56.053775 | D38: =F38-(F38*10%) -> 132.76607 | E38: =(D38-C38)/D38 -> 0.57780045 | F38: 147.51786 | G38: =(F38-C38)/F38 -> 0.62002041 | H38: =C38/(1-$H$32) -> 160.15364 | J38: =(D38*$J$6) -> 7.9659643 | K38: =(F38*$K$6) -> 8.8510714
A39: KO Spec Stair | B39: 2.0m | C39: ='KO Spec.'!G36 -> 65.491768 | D39: =F39-(F39*10%) -> 157.60993 | E39: =(D39-C39)/D39 -> 0.58446927 | F39: 175.12214 | G39: =(F39-C39)/F39 -> 0.62602234 | H39: =C39/(1-$H$32) -> 187.11934 | J39: =(D39*$J$6) -> 9.4565957 | K39: =(F39*$K$6) -> 10.507329
A41: Pine H3.2 300x50 Stringer - H3.2 Plywood Treads/Risers - (300mm +)
A42: ITEM | B42: WIDTH | C42: COST | D42: W/SALE PRICE | E42: GP% | F42: RETAIL PRICE | G42: GP% | H42: Desired GP% | J42: W/SALE FREIGHT | K42: RETAIL FREIGHT
D43: (less 10%) | H43: 0.65 | J43: 0.06 | K43: 0.06
A44: KO Spec Stair | B44: 0.9m | C44: ='KO Spec.'!G41 -> 38.955186 | D44: =F44-(F44*10%) -> 113.99207 | E44: =(D44-C44)/D44 -> 0.65826408 | F44: 126.65786 | G44: =(F44-C44)/F44 -> 0.69243767 | H44: =C44/(1-$H$43) -> 111.30053 | J44: =(D44*$J$6) -> 6.8395243 | K44: =(F44*$K$6) -> 7.5994714
A45: KO Spec Stair | B45: 1.0m | C45: ='KO Spec.'!G42 -> 38.955186 | D45: =F45-(F45*10%) -> 113.99207 | E45: =(D45-C45)/D45 -> 0.65826408 | F45: 126.65786 | G45: =(F45-C45)/F45 -> 0.69243767 | H45: =C45/(1-$H$43) -> 111.30053 | J45: =(D45*$J$6) -> 6.8395243 | K45: =(F45*$K$6) -> 7.5994714
A46: KO Spec Stair | B46: 1.1m | C46: ='KO Spec.'!G43 -> 39.645186 | D46: =F46-(F46*10%) -> 117.21921 | E46: =(D46-C46)/D46 -> 0.66178595 | F46: 130.24357 | G46: =(F46-C46)/F46 -> 0.69560735 | H46: =C46/(1-$H$43) -> 113.27196 | J46: =(D46*$J$6) -> 7.0331529 | K46: =(F46*$K$6) -> 7.8146143
A47: KO Spec Stair | B47: 1.2m | C47: ='KO Spec.'!G44 -> 39.645186 | D47: =F47-(F47*10%) -> 119.3985 | E47: =(D47-C47)/D47 -> 0.6679591 | F47: 132.665 | G47: =(F47-C47)/F47 -> 0.70116319 | H47: =C47/(1-$H$43) -> 113.27196 | J47: =(D47*$J$6) -> 7.16391 | K47: =(F47*$K$6) -> 7.9599
A48: KO Spec Stair | B48: 1.4m | C48: ='KO Spec.'!G45 -> 54.032448 | D48: =F48-(F48*10%) -> 137.2815 | E48: =(D48-C48)/D48 -> 0.60641129 | F48: 152.535 | G48: =(F48-C48)/F48 -> 0.64577016 | H48: =C48/(1-$H$43) -> 154.37842 | J48: =(D48*$J$6) -> 8.23689 | K48: =(F48*$K$6) -> 9.1521
A49: KO Spec Stair | B49: 1.6m | C49: ='KO Spec.'!G46 -> 61.364442 | D49: =F49-(F49*10%) -> 145.93436 | E49: =(D49-C49)/D49 -> 0.57950655 | F49: 162.14929 | G49: =(F49-C49)/F49 -> 0.62155589 | H49: =C49/(1-$H$43) -> 175.32698 | J49: =(D49*$J$6) -> 8.7560614 | K49: =(F49*$K$6) -> 9.7289571
A50: KO Spec Stair | B50: 2.0m | C50: ='KO Spec.'!G47 -> 72.127768 | D50: =F50-(F50*10%) -> 174.0645 | E50: =(D50-C50)/D50 -> 0.5856262 | F50: 193.405 | G50: =(F50-C50)/F50 -> 0.62706358 | H50: =C50/(1-$H$43) -> 206.07934 | J50: =(D50*$J$6) -> 10.44387 | K50: =(F50*$K$6) -> 11.6043

Sheet Solid Pine
A1: Sell Prices as at June 2022 | J1: Freight | M1: Sell Prices as at June 2022 | V1: Freight
A4: Solid Pine Stringer (250mm x 40mm) with Solid Treads/Risers - (Up to 300mm) | M4: Solid Pine Stringer (300mm x 40mm) with Solid Treads/Risers - (Up to 300mm)
A5: ITEM | B5: WIDTH | C5: COST | D5: W/SALE PRICE | E5: GP% | F5: RETAIL PRICE | G5: GP% | H5: Desired GP% | J5: W/SALE FREIGHT | K5: RETAIL FREIGHT | M5: ITEM | N5: WIDTH | O5: COST | P5: W/SALE PRICE | Q5: GP% | R5: RETAIL PRICE | S5: GP% | T5: Desired GP% | V5: W/SALE FREIGHT | W5: RETAIL FREIGHT
D6: (less 10%) | H6: 0.65 | J6: 0.06 | K6: 0.06 | P6: (less 10%) | T6: 0.65 | V6: 0.06 | W6: 0.06
A7: Solid Pine | B7: 0.9m | C7: ='Solid Pine.'!G6 -> 41.021884 | D7: =F7-(F7*10%) -> 108.08478 | E7: =(D7-C7)/D7 -> 0.62046568 | F7: 120.0942 | G7: =(F7-C7)/F7 -> 0.65841911 | H7: =C7/(1-$H$6) -> 117.20538 | J7: =(D7*$J$6) -> 6.4850868 | K7: =(F7*$K$6) -> 7.205652 | M7: Solid Pine | N7: 0.9m | O7: ='Solid Pine.'!O6 -> 44.852284 | P7: =R7-(R7*10%) -> 118.50742 | Q7: =(P7-O7)/P7 -> 0.62152342 | R7: 131.67491 | S7: =(R7-O7)/R7 -> 0.65937108 | T7: =O7/(1-$T$6) -> 128.14938 | V7: =(P7*$J$6) -> 7.1104454 | W7: =(R7*$K$6) -> 7.9004949
A8: Solid Pine | B8: 1.0m | C8: ='Solid Pine.'!G7 -> 42.826837 | D8: =F8-(F8*10%) -> 112.61134 | E8: =(D8-C8)/D8 -> 0.6196934 | F8: 125.12371 | G8: =(F8-C8)/F8 -> 0.65772406 | H8: =C8/(1-$H$6) -> 122.36239 | J8: =(D8*$J$6) -> 6.7566806 | K8: =(F8*$K$6) -> 7.5074229 | M8: Solid Pine | N8: 1.0m | O8: ='Solid Pine.'!O7 -> 46.657237 | P8: =R8-(R8*10%) -> 123.03399 | Q8: =(P8-O8)/P8 -> 0.62077765 | R8: 136.70443 | S8: =(R8-O8)/R8 -> 0.65869988 | T8: =O8/(1-$T$6) -> 133.30639 | V8: =(P8*$J$6) -> 7.3820391 | W8: =(R8*$K$6) -> 8.2022657
A9: Solid Pine | B9: 1.1m | C9: ='Solid Pine.'!G8 -> 44.631791 | D9: =F9-(F9*10%) -> 118.59076 | E9: =(D9-C9)/D9 -> 0.62364868 | F9: 131.76751 | G9: =(F9-C9)/F9 -> 0.66128381 | H9: =C9/(1-$H$6) -> 127.5194 | J9: =(D9*$J$6) -> 7.1154458 | K9: =(F9*$K$6) -> 7.9060509 | M9: Solid Pine | N9: 1.1m | O9: ='Solid Pine.'!O8 -> 48.462191 | P9: =R9-(R9*10%) -> 129.01341 | Q9: =(P9-O9)/P9 -> 0.62436314 | R9: 143.34823 | S9: =(R9-O9)/R9 -> 0.66192683 | T9: =O9/(1-$T$6) -> 138.4634 | V9: =(P9*$J$6) -> 7.7408043 | W9: =(R9*$K$6) -> 8.6008937
A10: Solid Pine | B10: 1.2m | C10: ='Solid Pine.'!G9 -> 46.436744 | D10: =F10-(F10*10%) -> 125.29661 | E10: =(D10-C10)/D10 -> 0.62938548 | F10: 139.21846 | G10: =(F10-C10)/F10 -> 0.66644693 | H10: =C10/(1-$H$6) -> 132.67641 | J10: =(D10*$J$6) -> 7.5177967 | K10: =(F10*$K$6) -> 8.3531074 | M10: Solid Pine | N10: 1.2m | O10: ='Solid Pine.'!O9 -> 50.267144 | P10: =R10-(R10*10%) -> 135.71925 | Q10: =(P10-O10)/P10 -> 0.62962408 | R10: 150.79917 | S10: =(R10-O10)/R10 -> 0.66666167 | T10: =O10/(1-$T$6) -> 143.62041 | V10: =(P10*$J$6) -> 8.1431553 | W10: =(R10*$K$6) -> 9.0479503
A11: Solid Pine | B11: 1.4m | C11: ='Solid Pine.'!G10 -> 56.926113 | D11: =F11-(F11*10%) -> 137.98188 | E11: =(D11-C11)/D11 -> 0.58743776 | F11: 153.3132 | G11: =(F11-C11)/F11 -> 0.62869399 | H11: =C11/(1-$H$6) -> 162.64604 | J11: =(D11*$J$6) -> 8.2789128 | K11: =(F11*$K$6) -> 9.198792 | M11: Solid Pine | N11: 1.4m | O11: ='Solid Pine.'!O10 -> 61.888913 | P11: =R11-(R11*10%) -> 148.40452 | Q11: =(P11-O11)/P11 -> 0.58297152 | R11: 164.89391 | S11: =(R11-O11)/R11 -> 0.62467436 | T11: =O11/(1-$T$6) -> 176.82547 | V11: =(P11*$J$6) -> 8.9042714 | W11: =(R11*$K$6) -> 9.8936349
A12: Solid Pine | B12: 1.6m | C12: ='Solid Pine.'!G11 -> 62.149351 | D12: =F12-(F12*10%) -> 147.03501 | E12: =(D12-C12)/D12 -> 0.57731596 | F12: 163.37223 | G12: =(F12-C12)/F12 -> 0.61958436 | H12: =C12/(1-$H$6) -> 177.56957 | J12: =(D12*$J$6) -> 8.8221003 | K12: =(F12*$K$6) -> 9.8023337 | M12: Solid Pine | N12: 1.6m | O12: ='Solid Pine.'!O11 -> 67.112151 | P12: =R12-(R12*10%) -> 157.45765 | Q12: =(P12-O12)/P12 -> 0.5737765 | R12: 174.95294 | S12: =(R12-O12)/R12 -> 0.61639885 | T12: =O12/(1-$T$6) -> 191.749 | V12: =(P12*$J$6) -> 9.4474589 | W12: =(R12*$K$6) -> 10.497177
A13: Solid Pine | B13: 2.0m | C13: ='Solid Pine.'!G12 -> 71.305161 | D13: =F13-(F13*10%) -> 176.03769 | E13: =(D13-C13)/D13 -> 0.59494377 | F13: 195.59743 | G13: =(F13-C13)/F13 -> 0.6354494 | H13: =C13/(1-$H$6) -> 203.72903 | J13: =(D13*$J$6) -> 10.562261 | K13: =(F13*$K$6) -> 11.735846 | M13: Solid Pine | N13: 2.0m | O13: ='Solid Pine.'!O12 -> 76.267961 | P13: =R13-(R13*10%) -> 186.46033 | Q13: =(P13-O13)/P13 -> 0.5909695 | R13: 207.17814 | S13: =(R13-O13)/R13 -> 0.63187255 | T13: =O13/(1-$T$6) -> 217.90846 | V13: =(P13*$J$6) -> 11.18762 | W13: =(R13*$K$6) -> 12.430689
A15: Solid Pine Stringer (250mm x 40mm) with Solid Treads/Risers - (Over 300mm) | M15: Solid Pine Stringer (300mm x 40mm) with Solid Treads/Risers - (Over 300mm)
A16: ITEM | B16: WIDTH | C16: COST | D16: W/SALE PRICE | E16: GP% | F16: RETAIL PRICE | G16: GP% | H16: Desired GP% | J16: W/SALE FREIGHT | K16: RETAIL FREIGHT | M16: ITEM | N16: WIDTH | O16: COST | P16: W/SALE PRICE | Q16: GP% | R16: RETAIL PRICE | S16: GP% | T16: Desired GP% | V16: W/SALE FREIGHT | W16: RETAIL FREIGHT
D17: (less 10%) | H17: 0.65 | J17: 0.06 | K17: 0.06 | P17: (less 10%) | T17: 0.65 | V17: 0.06 | W17: 0.06
A18: Solid Pine | B18: 0.9m | C18: ='Solid Pine.'!G17 -> 42.842164 | D18: =F18-(F18*10%) -> 123.67805 | E18: =(D18-C18)/D18 -> 0.6535993 | F18: 137.42006 | G18: =(F18-C18)/F18 -> 0.68823937 | H18: =C18/(1-$H$17) -> 122.40618 | J18: =(D18*$J$6) -> 7.4206831 | K18: =(F18*$K$6) -> 8.2452034 | M18: Solid Pine | N18: 0.9m | O18: ='Solid Pine.'!O17 -> 46.672564 | P18: =R18-(R18*10%) -> 134.10069 | Q18: =(P18-O18)/P18 -> 0.65195882 | R18: 149.00077 | S18: =(R18-O18)/R18 -> 0.68676294 | T18: =O18/(1-$T$17) -> 133.35018 | V18: =(P18*$J$6) -> 8.0460417 | W18: =(R18*$K$6) -> 8.9400463
A19: Solid Pine | B19: 1.0m | C19: ='Solid Pine.'!G18 -> 44.849371 | D19: =F19-(F19*10%) -> 128.72649 | E19: =(D19-C19)/D19 -> 0.65159174 | F19: 143.02943 | G19: =(F19-C19)/F19 -> 0.68643257 | H19: =C19/(1-$H$17) -> 128.14106 | J19: =(D19*$J$6) -> 7.7235891 | K19: =(F19*$K$6) -> 8.5817657 | M19: Solid Pine | N19: 1.0m | O19: ='Solid Pine.'!O18 -> 48.679771 | P19: =R19-(R19*10%) -> 139.14913 | Q19: =(P19-O19)/P19 -> 0.65016115 | R19: 154.61014 | S19: =(R19-O19)/R19 -> 0.68514504 | T19: =O19/(1-$T$17) -> 139.08506 | V19: =(P19*$J$6) -> 8.3489477 | W19: =(R19*$K$6) -> 9.2766086
A20: Solid Pine | B20: 1.1m | C20: ='Solid Pine.'!G19 -> 46.856577 | D20: =F20-(F20*10%) -> 135.22778 | E20: =(D20-C20)/D20 -> 0.65349887 | F20: 150.25309 | G20: =(F20-C20)/F20 -> 0.68814899 | H20: =C20/(1-$H$17) -> 133.87593 | J20: =(D20*$J$6) -> 8.1136666 | K20: =(F20*$K$6) -> 9.0151851 | M20: Solid Pine | N20: 1.1m | O20: ='Solid Pine.'!O19 -> 50.686977 | P20: =R20-(R20*10%) -> 145.65042 | Q20: =(P20-O20)/P20 -> 0.65199567 | R20: 161.8338 | S20: =(R20-O20)/R20 -> 0.6867961 | T20: =O20/(1-$T$17) -> 144.81993 | V20: =(P20*$J$6) -> 8.7390252 | W20: =(R20*$K$6) -> 9.710028
A21: Solid Pine | B21: 1.2m | C21: ='Solid Pine.'!G20 -> 48.863784 | D21: =F21-(F21*10%) -> 142.4555 | E21: =(D21-C21)/D21 -> 0.65698913 | F21: 158.28389 | G21: =(F21-C21)/F21 -> 0.69129022 | H21: =C21/(1-$H$17) -> 139.61081 | J21: =(D21*$J$6) -> 8.5473298 | K21: =(F21*$K$6) -> 9.4970331 | M21: Solid Pine | N21: 1.2m | O21: ='Solid Pine.'!O20 -> 52.694184 | P21: =R21-(R21*10%) -> 152.87814 | Q21: =(P21-O21)/P21 -> 0.65531904 | R21: 169.8646 | S21: =(R21-O21)/R21 -> 0.68978714 | T21: =O21/(1-$T$17) -> 150.55481 | V21: =(P21*$J$6) -> 9.1726884 | W21: =(R21*$K$6) -> 10.191876
A22: Solid Pine | B22: 1.4m | C22: ='Solid Pine.'!G21 -> 59.75766 | D22: =F22-(F22*10%) -> 152.55237 | E22: =(D22-C22)/D22 -> 0.608281 | F22: 169.50263 | G22: =(F22-C22)/F22 -> 0.6474529 | H22: =C22/(1-$H$17) -> 170.73617 | J22: =(D22*$J$6) -> 9.1531419 | K22: =(F22*$K$6) -> 10.170158 | M22: Solid Pine | N22: 1.4m | O22: ='Solid Pine.'!O21 -> 64.72046 | P22: =R22-(R22*10%) -> 162.97501 | Q22: =(P22-O22)/P22 -> 0.60288108 | R22: 181.08334 | S22: =(R22-O22)/R22 -> 0.64259297 | T22: =O22/(1-$T$17) -> 184.9156 | V22: =(P22*$J$6) -> 9.7785005 | W22: =(R22*$K$6) -> 10.865001
A23: Solid Pine | B23: 1.6m | C23: ='Solid Pine.'!G22 -> 65.385404 | D23: =F23-(F23*10%) -> 166.28138 | E23: =(D23-C23)/D23 -> 0.60677855 | F23: 184.75709 | G23: =(F23-C23)/F23 -> 0.6461007 | H23: =C23/(1-$H$17) -> 186.81544 | J23: =(D23*$J$6) -> 9.9768826 | K23: =(F23*$K$6) -> 11.085425 | M23: Solid Pine | N23: 1.6m | O23: ='Solid Pine.'!O22 -> 70.348204 | P23: =R23-(R23*10%) -> 176.70402 | Q23: =(P23-O23)/P23 -> 0.60188679 | R23: 196.3378 | S23: =(R23-O23)/R23 -> 0.64169811 | T23: =O23/(1-$T$17) -> 200.99487 | V23: =(P23*$J$6) -> 10.602241 | W23: =(R23*$K$6) -> 11.780268
A24: Solid Pine | B24: 2.0m | C24: ='Solid Pine.'!G23 -> 75.350227 | D24: =F24-(F24*10%) -> 201.00369 | E24: =(D24-C24)/D24 -> 0.62513012 | F24: 223.33743 | G24: =(F24-C24)/F24 -> 0.66261711 | H24: =C24/(1-$H$17) -> 215.28636 | J24: =(D24*$J$6) -> 12.060221 | K24: =(F24*$K$6) -> 13.400246 | M24: Solid Pine | N24: 2.0m | O24: ='Solid Pine.'!O23 -> 80.313027 | P24: =R24-(R24*10%) -> 211.42633 | Q24: =(P24-O24)/P24 -> 0.62013706 | R24: 234.91814 | S24: =(R24-O24)/R24 -> 0.65812335 | T24: =O24/(1-$T$17) -> 229.46579 | V24: =(P24*$J$6) -> 12.68558 | W24: =(R24*$K$6) -> 14.095089
M27: Solid Pine Stringer (300mm x 50mm) with Solid Treads/Risers - (Up to 300mm)
M28: ITEM | N28: WIDTH | O28: COST | P28: W/SALE PRICE | Q28: GP% | R28: RETAIL PRICE | S28: GP% | T28: Desired GP% | V28: W/SALE FREIGHT | W28: RETAIL FREIGHT
P29: (less 10%) | T29: 0.65 | V29: 0.06 | W29: 0.06
M30: Solid Pine | N30: 0.9m | O30: ='Solid Pine.'!O28 -> 47.596564 | P30: =R30-(R30*10%) -> 125.31212 | Q30: =(P30-O30)/P30 -> 0.62017589 | R30: 139.23569 | S30: =(R30-O30)/R30 -> 0.6581583 | T30: =O30/(1-$T$29) -> 135.99018 | V30: =(P30*$J$6) -> 7.518727 | W30: =(R30*$K$6) -> 8.3541411
M31: Solid Pine | N31: 1.0m | O31: ='Solid Pine.'!O29 -> 49.706437 | P31: =R31-(R31*10%) -> 130.59476 | Q31: =(P31-O31)/P31 -> 0.61938413 | R31: 145.10529 | S31: =(R31-O31)/R31 -> 0.65744572 | T31: =O31/(1-$T$29) -> 142.01839 | V31: =(P31*$J$6) -> 7.8356854 | W31: =(R31*$K$6) -> 8.7063171
M32: Solid Pine | N32: 1.1m | O32: ='Solid Pine.'!O30 -> 51.816311 | P32: =R32-(R32*10%) -> 137.33025 | Q32: =(P32-O32)/P32 -> 0.62268831 | R32: 152.58917 | S32: =(R32-O32)/R32 -> 0.66041948 | T32: =O32/(1-$T$29) -> 148.0466 | V32: =(P32*$J$6) -> 8.2398153 | W32: =(R32*$K$6) -> 9.1553503
M33: Solid Pine | N33: 1.2m | O33: ='Solid Pine.'!O31 -> 53.926184 | P33: =R33-(R33*10%) -> 144.79218 | Q33: =(P33-O33)/P33 -> 0.62756149 | R33: 160.8802 | S33: =(R33-O33)/R33 -> 0.66480534 | T33: =O33/(1-$T$29) -> 154.07481 | V33: =(P33*$J$6) -> 8.6875308 | W33: =(R33*$K$6) -> 9.652812
M34: Solid Pine | N34: 1.4m | O34: ='Solid Pine.'!O32 -> 66.157793 | P34: =R34-(R34*10%) -> 158.9896 | Q34: =(P34-O34)/P34 -> 0.58388604 | R34: 176.65511 | S34: =(R34-O34)/R34 -> 0.62549744 | T34: =O34/(1-$T$29) -> 189.02227 | V34: =(P34*$J$6) -> 9.5393762 | W34: =(R34*$K$6) -> 10.599307
M35: Solid Pine | N35: 1.6m | O35: ='Solid Pine.'!O33 -> 71.990871 | P35: =R35-(R35*10%) -> 169.55488 | Q35: =(P35-O35)/P35 -> 0.57541258 | R35: 188.39431 | S35: =(R35-O35)/R35 -> 0.61787132 | T35: =O35/(1-$T$29) -> 205.6882 | V35: =(P35*$J$6) -> 10.173293 | W35: =(R35*$K$6) -> 11.303659
M36: Solid Pine | N36: 2.0m | O36: ='Solid Pine.'!O34 -> 82.366361 | P36: =R36-(R36*10%) -> 201.58187 | Q36: =(P36-O36)/P36 -> 0.59139996 | R36: 223.97986 | S36: =(R36-O36)/R36 -> 0.63225996 | T36: =O36/(1-$T$29) -> 235.33246 | V36: =(P36*$J$6) -> 12.094912 | W36: =(R36*$K$6) -> 13.438791
M38: Solid Pine Stringer (300mm x 50mm) with Solid Treads/Risers - (Over 300mm)
M39: ITEM | N39: WIDTH | O39: COST | P39: W/SALE PRICE | Q39: GP% | R39: RETAIL PRICE | S39: GP% | T39: Desired GP% | V39: W/SALE FREIGHT | W39: RETAIL FREIGHT
P40: (less 10%) | T40: 0.65 | V40: 0.06 | W40: 0.06
M41: Solid Pine | N41: 0.9m | O41: ='Solid Pine.'!O39 -> 49.943524 | P41: =R41-(R41*10%) -> 138.54551 | Q41: =(P41-O41)/P41 -> 0.6395154 | R41: 153.93946 | S41: =(R41-O41)/R41 -> 0.67556386 | T41: =O41/(1-$T$40) -> 142.69578 | V41: =(P41*$J$6) -> 8.3127307 | W41: =(R41*$K$6) -> 9.2363674
M42: Solid Pine | N42: 1.0m | O42: ='Solid Pine.'!O40 -> 52.314171 | P42: =R42-(R42*10%) -> 144.08781 | Q42: =(P42-O42)/P42 -> 0.63692856 | R42: 160.09757 | S42: =(R42-O42)/R42 -> 0.6732357 | T42: =O42/(1-$T$40) -> 149.46906 | V42: =(P42*$J$6) -> 8.6452689 | W42: =(R42*$K$6) -> 9.6058543
M43: Solid Pine | N43: 1.1m | O43: ='Solid Pine.'!O41 -> 54.684817 | P43: =R43-(R43*10%) -> 151.08297 | Q43: =(P43-O43)/P43 -> 0.63804778 | R43: 167.86997 | S43: =(R43-O43)/R43 -> 0.67424301 | T43: =O43/(1-$T$40) -> 156.24233 | V43: =(P43*$J$6) -> 9.0649785 | W43: =(R43*$K$6) -> 10.072198
M44: Solid Pine | N44: 1.2m | O44: ='Solid Pine.'!O42 -> 57.055464 | P44: =R44-(R44*10%) -> 158.80456 | Q44: =(P44-O44)/P44 -> 0.64071899 | R44: 176.44951 | S44: =(R44-O44)/R44 -> 0.67664709 | T44: =O44/(1-$T$40) -> 163.01561 | V44: =(P44*$J$6) -> 9.5282738 | W44: =(R44*$K$6) -> 10.586971
M45: Solid Pine | N45: 1.4m | O45: ='Solid Pine.'!O43 -> 69.80862 | P45: =R45-(R45*10%) -> 169.88917 | Q45: =(P45-O45)/P45 -> 0.58909317 | R45: 188.76574 | S45: =(R45-O45)/R45 -> 0.63018385 | T45: =O45/(1-$T$40) -> 199.4532 | V45: =(P45*$J$6) -> 10.19335 | W45: =(R45*$K$6) -> 11.325945
M46: Solid Pine | N46: 1.6m | O46: ='Solid Pine.'!O44 -> 76.163244 | P46: =R46-(R46*10%) -> 184.60592 | Q46: =(P46-O46)/P46 -> 0.58742794 | R46: 205.11769 | S46: =(R46-O46)/R46 -> 0.62868514 | T46: =O46/(1-$T$40) -> 217.60927 | V46: =(P46*$J$6) -> 11.076355 | W46: =(R46*$K$6) -> 12.307061
M47: Solid Pine | N47: 2.0m | O47: ='Solid Pine.'!O45 -> 87.581827 | P47: =R47-(R47*10%) -> 221.3037 | Q47: =(P47-O47)/P47 -> 0.60424599 | R47: 245.893 | S47: =(R47-O47)/R47 -> 0.64382139 | T47: =O47/(1-$T$40) -> 250.23379 | V47: =(P47*$J$6) -> 13.278222 | W47: =(R47*$K$6) -> 14.75358

Sheet Landings & Winders
A1: Sell Prices as at June 2022 | J1: Sell Prices as at June 2022 | S1: Sell Prices as at June 2022
A4: Landings - MDF | J4: Winders - MDF | S4: Winders - MDF
A5: ITEM | B5: SIZE | C5: COST | D5: W/SALE PRICE | E5: GP% | F5: RETAIL PRICE | G5: GP% | H5: Desired GP% | J5: ITEM | K5: STEPS | L5: COST | M5: W/SALE PRICE | N5: GP% | O5: RETAIL PRICE | P5: GP% | Q5: Desired GP% | S5: ITEM | T5: STEPS | U5: COST | V5: W/SALE PRICE | W5: GP% | X5: RETAIL PRICE | Y5: GP% | Z5: Desired GP%
H6: 0.74 | Q6: 0.75 | Z6: 0.75
A7: Landing - (1.0 sq/m) | B7: 1 m2 | C7: ='Landings & Winders.'!G6 -> 123.7381 | D7: =F7-(F7*10%) -> 323.65731 | E7: =(D7-C7)/D7 -> 0.61768792 | F7: 359.61923 | G7: =(F7-C7)/F7 -> 0.65591912 | H7: =C7/(1-$H$6) -> 475.91577 | J7: 2 Winder | K7: 2 | L7: ='Landings & Winders.'!O6 -> 114.70648 | M7: =O7-(O7*10%) -> 289.1484 | N7: =(M7-L7)/M7 -> 0.60329546 | O7: 321.276 | P7: =(O7-L7)/O7 -> 0.64296591 | Q7: =L7/(1-$Q$6) -> 458.82593 | S7: 2 Winder | T7: 2 | U7: ='Landings & Winders.'!W6 -> 140.06794 | V7: =X7-(X7*10%) -> 394.4844 | W7: =(V7-U7)/V7 -> 0.64493414 | X7: 438.316 | Y7: =(X7-U7)/X7 -> 0.68044073 | Z7: =U7/(1-$Z$6) -> 560.27177
J8: 3 Winder | K8: 3 | L8: ='Landings & Winders.'!O7 -> 108.22393 | M8: =O8-(O8*10%) -> 433.7226 | N8: =(M8-L8)/M8 -> 0.75047661 | O8: =($O$7/2)*K8 -> 481.914 | P8: =(O8-L8)/O8 -> 0.77542895 | Q8: =L8/(1-$Q$6) -> 432.89573 | S8: 3 Winder | T8: 3 | U8: ='Landings & Winders.'!W7 -> 133.58539 | V8: =X8-(X8*10%) -> 591.7266 | W8: =(V8-U8)/V8 -> 0.77424474 | X8: =($X$7/2)*T8 -> 657.474 | Y8: =(X8-U8)/X8 -> 0.79682027 | Z8: =U8/(1-$Z$6) -> 534.34157
A9: Landings - Ply UT | J9: 4 Winder | K9: 4 | L9: ='Landings & Winders.'!O8 -> 179.8803 | M9: =O9-(O9*10%) -> 578.2968 | N9: =(M9-L9)/M9 -> 0.68894813 | O9: =($O$7/2)*K9 -> 642.552 | P9: =(O9-L9)/O9 -> 0.72005332 | Q9: =L9/(1-$Q$6) -> 719.5212 | S9: 4 Winder | T9: 4 | U9: ='Landings & Winders.'!W8 -> 206.40326 | V9: =X9-(X9*10%) -> 788.9688 | W9: =(V9-U9)/V9 -> 0.73838857 | X9: =($X$7/2)*T9 -> 876.632 | Y9: =(X9-U9)/X9 -> 0.76454971 | Z9: =U9/(1-$Z$6) -> 825.61303
A10: ITEM | B10: SIZE | C10: COST | D10: W/SALE PRICE | E10: GP% | F10: RETAIL PRICE | G10: GP% | H10: Desired GP% | J10: 6 Winder | K10: 6 | L10: ='Landings & Winders.'!O9 -> 166.9152 | M10: =O10-(O10*10%) -> 867.4452 | N10: =(M10-L10)/M10 -> 0.80757839 | O10: =($O$7/2)*K10 -> 963.828 | P10: =(O10-L10)/O10 -> 0.82682055 | Q10: =L10/(1-$Q$6) -> 667.6608 | S10: 6 Winder | T10: 6 | U10: ='Landings & Winders.'!W9 -> 193.43816 | V10: =X10-(X10*10%) -> 1183.4532 | W10: =(V10-U10)/V10 -> 0.83654769 | X10: =($X$7/2)*T10 -> 1314.948 | Y10: =(X10-U10)/X10 -> 0.85289292 | Z10: =U10/(1-$Z$6) -> 773.75263
H11: 0.74
A12: Landing - (1.0 sq/m) | B12: 1 m2 | C12: ='Landings & Winders.'!G11 -> 130.60735 | D12: =F12-(F12*10%) -> 349.71577 | E12: =(D12-C12)/D12 -> 0.62653285 | F12: 388.57308 | G12: =(F12-C12)/F12 -> 0.66387957 | H12: =C12/(1-$H$11) -> 502.33596 | J12: Winders over 180° - MDF | S12: Winders over 180° - MDF
J13: ITEM | K13: STEPS | L13: COST | M13: W/SALE PRICE | N13: GP% | O13: RETAIL PRICE | P13: GP% | Q13: Desired GP% | S13: ITEM | T13: STEPS | U13: COST | V13: W/SALE PRICE | W13: GP% | X13: RETAIL PRICE | Y13: GP% | Z13: Desired GP%
A14: Landings - Ply H3.2 | Q14: 0.83 | Z14: 0.78
A15: ITEM | B15: SIZE | C15: COST | D15: W/SALE PRICE | E15: GP% | F15: RETAIL PRICE | G15: GP% | H15: Desired GP% | J15: 3 Winder | K15: 3 | L15: ='Landings & Winders.'!O14 -> 229.22731 | M15: =O15-(O15*10%) -> 701.1 | N15: =(M15-L15)/M15 -> 0.6730462 | O15: 779 | P15: =(O15-L15)/O15 -> 0.70574158 | Q15: =L15/(1-$Q$14) -> 1348.3959 | S15: 3 Winder | T15: 3 | U15: ='Landings & Winders.'!W14 -> 253.42727 | V15: =X15-(X15*10%) -> 814.66261 | W15: =(V15-U15)/V15 -> 0.68891752 | X15: 905.18068 | Y15: =(X15-U15)/X15 -> 0.72002577 | Z15: =U15/(1-$Z$14) -> 1151.9421
H16: 0.74 | J16: 5 Winder | K16: 5 | L16: ='Landings & Winders.'!O15 -> 216.26221 | M16: =O16-(O16*10%) -> 980.1 | N16: =(M16-L16)/M16 -> 0.77934679 | O16: 1089 | P16: =(O16-L16)/O16 -> 0.80141211 | Q16: =L16/(1-$Q$14) -> 1272.1306 | S16: 5 Winder | T16: 5 | U16: ='Landings & Winders.'!W15 -> 240.46217 | V16: =X16-(X16*10%) -> 1121.1062 | W16: =(V16-U16)/V16 -> 0.78551348 | X16: 1245.6735 | Y16: =(X16-U16)/X16 -> 0.80696213 | Z16: =U16/(1-$Z$14) -> 1093.0098
A17: Landing - (1.0 sq/m) | B17: 1 m2 | C17: ='Landings & Winders.'!G16 -> 140.8081 | D17: =F17-(F17*10%) -> 371.63077 | E17: =(D17-C17)/D17 -> 0.62110753 | F17: 412.92308 | G17: =(F17-C17)/F17 -> 0.65899678 | H17: =C17/(1-$H$16) -> 541.56962
A19: Landings - Solid Pine 32mm | J19: Winders - Ply UT | S19: Winders - Ply UT
A20: ITEM | B20: SIZE | C20: COST | D20: W/SALE PRICE | E20: GP% | F20: RETAIL PRICE | G20: GP% | H20: Desired GP% | J20: ITEM | K20: STEPS | L20: COST | M20: W/SALE PRICE | N20: GP% | O20: RETAIL PRICE | P20: GP% | Q20: Desired GP% | S20: ITEM | T20: STEPS | U20: COST | V20: W/SALE PRICE | W20: GP% | X20: RETAIL PRICE | Y20: GP% | Z20: Desired GP%
H21: 0.7 | Q21: 0.75 | Z21: 0.75
A22: Landing - (1.0 sq/m) | B22: 1 m2 | C22: ='Landings & Winders.'!G21 -> 183.18779 | D22: =F22-(F22*10%) -> 544.374 | E22: =(D22-C22)/D22 -> 0.66348909 | F22: 604.86 | G22: =(F22-C22)/F22 -> 0.69714018 | H22: =C22/(1-$H$21) -> 610.62597 | J22: 2 Winder | K22: 2 | L22: ='Landings & Winders.'!O21 -> 119.52613 | M22: =O22-(O22*10%) -> 310.1004 | N22: =(M22-L22)/M22 -> 0.61455666 | O22: 344.556 | P22: =(O22-L22)/O22 -> 0.653101 | Q22: =L22/(1-$Q$21) -> 478.10453 | S22: 2 Winder | T22: 2 | U22: ='Landings & Winders.'!W21 -> 144.88759 | V22: =X22-(X22*10%) -> 415.4364 | W22: =(V22-U22)/V22 -> 0.65124002 | X22: 461.596 | Y22: =(X22-U22)/X22 -> 0.68611602 | Z22: =U22/(1-$Z$21) -> 579.55037
J23: 3 Winder | K23: 3 | L23: ='Landings & Winders.'!O22 -> 110.09728 | M23: =O23-(O23*10%) -> 465.1506 | N23: =(M23-L23)/M23 -> 0.76330831 | O23: =($O$22/2)*K23 -> 516.834 | P23: =(O23-L23)/O23 -> 0.78697748 | Q23: =L23/(1-$Q$21) -> 440.38913 | S23: 3 Winder | T23: 3 | U23: ='Landings & Winders.'!W22 -> 135.45874 | V23: =X23-(X23*10%) -> 623.1546 | W23: =(V23-U23)/V23 -> 0.78262418 | X23: =($X$22/2)*T23 -> 692.394 | Y23: =(X23-U23)/X23 -> 0.80436176 | Z23: =U23/(1-$Z$21) -> 541.83497
A24: Landings Costing sheet - Pine External Landing | J24: 4 Winder | K24: 4 | L24: ='Landings & Winders.'!O23 -> 188.62835 | M24: =O24-(O24*10%) -> 620.2008 | N24: =(M24-L24)/M24 -> 0.69585923 | O24: =($O$22/2)*K24 -> 689.112 | P24: =(O24-L24)/O24 -> 0.72627331 | Q24: =L24/(1-$Q$21) -> 754.5134 | S24: 4 Winder | T24: 4 | U24: ='Landings & Winders.'!W23 -> 215.15131 | V24: =X24-(X24*10%) -> 830.8728 | W24: =(V24-U24)/V24 -> 0.74105386 | X24: =($X$22/2)*T24 -> 923.192 | Y24: =(X24-U24)/X24 -> 0.76694847 | Z24: =U24/(1-$Z$21) -> 860.60523
A25: ITEM | B25: SIZE | C25: COST | D25: W/SALE PRICE | E25: GP% | F25: RETAIL PRICE | G25: GP% | H25: Desired GP% | J25: 6 Winder | K25: 6 | L25: ='Landings & Winders.'!O24 -> 169.77065 | M25: =O25-(O25*10%) -> 930.3012 | N25: =(M25-L25)/M25 -> 0.81751002 | O25: =($O$22/2)*K25 -> 1033.668 | P25: =(O25-L25)/O25 -> 0.83575902 | Q25: =L25/(1-$Q$21) -> 679.0826 | S25: 6 Winder | T25: 6 | U25: ='Landings & Winders.'!W24 -> 196.29361 | V25: =X25-(X25*10%) -> 1246.3092 | W25: =(V25-U25)/V25 -> 0.84250007 | X25: =($X$22/2)*T25 -> 1384.788 | Y25: =(X25-U25)/X25 -> 0.85825007 | Z25: =U25/(1-$Z$21) -> 785.17443
H26: 0.7
A27: Landing - (1.0 sq/m) | B27: 1 m2 | C27: ='Landings & Winders.'!G26 -> 203.03054 | D27: =F27-(F27*10%) -> 596.7045 | E27: =(D27-C27)/D27 -> 0.65974692 | F27: 663.005 | G27: =(F27-C27)/F27 -> 0.69377223 | H27: =C27/(1-$H$26) -> 676.76847 | J27: Winders over 180° - Ply UT | S27: Winders over 180° - Ply UT
J28: ITEM | K28: STEPS | L28: COST | M28: W/SALE PRICE | N28: GP% | O28: RETAIL PRICE | P28: GP% | Q28: Desired GP% | S28: ITEM | T28: STEPS | U28: COST | V28: W/SALE PRICE | W28: GP% | X28: RETAIL PRICE | Y28: GP% | Z28: Desired GP%
Q29: 0.78 | Z29: 0.83
J30: 3 Winder | K30: 3 | L30: ='Landings & Winders.'!O29 -> 240.92166 | M30: =O30-(O30*10%) -> 722.907 | N30: =(M30-L30)/M30 -> 0.66673215 | O30: 803.23 | P30: =(O30-L30)/O30 -> 0.70005894 | Q30: =L30/(1-$Q$29) -> 1095.0984 | S30: 3 Winder | T30: 3 | U30: ='Landings & Winders.'!W29 -> 265.12162 | V30: =X30-(X30*10%) -> 838.4717 | W30: =(V30-U30)/V30 -> 0.68380374 | X30: 931.63523 | Y30: =(X30-U30)/X30 -> 0.71542337 | Z30: =U30/(1-$Z$29) -> 1559.5389
J31: 5 Winder | K31: 5 | L31: ='Landings & Winders.'!O30 -> 215.10646 | M31: =O31-(O31*10%) -> 1002.357 | N31: =(M31-L31)/M31 -> 0.78539936 | O31: 1113.73 | P31: =(O31-L31)/O31 -> 0.80685942 | Q31: =L31/(1-$Q$29) -> 977.75663 | S31: 5 Winder | T31: 5 | U31: ='Landings & Winders.'!W30 -> 246.26392 | V31: =X31-(X31*10%) -> 1151.9179 | W31: =(V31-U31)/V31 -> 0.78621401 | X31: 1279.9088 | Y31: =(X31-U31)/X31 -> 0.80759261 | Z31: =U31/(1-$Z$29) -> 1448.6113
J34: Winders - Ply H3.2 | S34: Winders - Ply H3.2
J35: ITEM | K35: STEPS | L35: COST | M35: W/SALE PRICE | N35: GP% | O35: RETAIL PRICE | P35: GP% | Q35: Desired GP% | S35: ITEM | T35: STEPS | U35: COST | V35: W/SALE PRICE | W35: GP% | X35: RETAIL PRICE | Y35: GP% | Z35: Desired GP%
Q36: 0.75 | Z36: 0.75
J37: 2 Winder | K37: 2 | L37: ='Landings & Winders.'!O36 -> 125.16918 | M37: =O37-(O37*10%) -> 326.9664 | N37: =(M37-L37)/M37 -> 0.61718029 | O37: 363.296 | P37: =(O37-L37)/O37 -> 0.65546226 | Q37: =L37/(1-$Q$36) -> 500.67673 | S37: 2 Winder | T37: 2 | U37: ='Landings & Winders.'!W36 -> 150.74914 | V37: =X37-(X37*10%) -> 432.3024 | W37: =(V37-U37)/V37 -> 0.65128775 | X37: 480.336 | Y37: =(X37-U37)/X37 -> 0.68615898 | Z37: =U37/(1-$Z$36) -> 602.99657
J38: 3 Winder | K38: 3 | L38: ='Landings & Winders.'!O37 -> 112.90098 | M38: =O38-(O38*10%) -> 490.4496 | N38: =(M38-L38)/M38 -> 0.76980105 | O38: =($O$37/2)*K38 -> 544.944 | P38: =(O38-L38)/O38 -> 0.79282094 | Q38: =L38/(1-$Q$36) -> 451.60393 | S38: 3 Winder | T38: 3 | U38: ='Landings & Winders.'!W37 -> 138.48094 | V38: =X38-(X38*10%) -> 648.4536 | W38: =(V38-U38)/V38 -> 0.78644433 | X38: =($X$37/2)*T38 -> 720.504 | Y38: =(X38-U38)/X38 -> 0.8077999 | Z38: =U38/(1-$Z$36) -> 553.92377
J39: 4 Winder | K39: 4 | L39: ='Landings & Winders.'!O38 -> 199.5867 | M39: =O39-(O39*10%) -> 653.9328 | N39: =(M39-L39)/M39 -> 0.6947902 | O39: =($O$37/2)*K39 -> 726.592 | P39: =(O39-L39)/O39 -> 0.72531118 | Q39: =L39/(1-$Q$36) -> 798.3468 | S39: 4 Winder | T39: 4 | U39: ='Landings & Winders.'!W38 -> 226.54666 | V39: =X39-(X39*10%) -> 864.6048 | W39: =(V39-U39)/V39 -> 0.73797664 | X39: =($X$37/2)*T39 -> 960.672 | Y39: =(X39-U39)/X39 -> 0.76417897 | Z39: =U39/(1-$Z$36) -> 906.18663
J40: 6 Winder | K40: 6 | L40: ='Landings & Winders.'!O39 -> 175.0503 | M40: =O40-(O40*10%) -> 980.8992 | N40: =(M40-L40)/M40 -> 0.82154099 | O40: =($O$37/2)*K40 -> 1089.888 | P40: =(O40-L40)/O40 -> 0.83938689 | Q40: =L40/(1-$Q$36) -> 700.2012 | S40: 6 Winder | T40: 6 | U40: ='Landings & Winders.'!W39 -> 202.01026 | V40: =X40-(X40*10%) -> 1296.9072 | W40: =(V40-U40)/V40 -> 0.84423692 | X40: =($X$37/2)*T40 -> 1441.008 | Y40: =(X40-U40)/X40 -> 0.85981323 | Z40: =U40/(1-$Z$36) -> 808.04103
J42: Winders over 180° - Ply H3.2 | S42: Winders over 180° - Ply H3.2
J43: ITEM | K43: STEPS | L43: COST | M43: W/SALE PRICE | N43: GP% | O43: RETAIL PRICE | P43: GP% | Q43: Desired GP% | S43: ITEM | T43: STEPS | U43: COST | V43: W/SALE PRICE | W43: GP% | X43: RETAIL PRICE | Y43: GP% | Z43: Desired GP%
Q44: 0.78 | Z44: 0.78
J45: 3 Winder | K45: 3 | L45: ='Landings & Winders.'!O44 -> 258.13486 | M45: =O45-(O45*10%) -> 742.068 | N45: =(M45-L45)/M45 -> 0.65214123 | O45: 824.52 | P45: =(O45-L45)/O45 -> 0.68692711 | Q45: =L45/(1-$Q$44) -> 1173.3403 | S45: 3 Winder | T45: 3 | U45: ='Landings & Winders.'!W44 -> 282.33482 | V45: =X45-(X45*10%) -> 755.568 | W45: =(V45-U45)/V45 -> 0.62632772 | X45: 839.52 | Y45: =(X45-U45)/X45 -> 0.66369495 | Z45: =U45/(1-$Z$44) -> 1283.3401
J46: 5 Winder | K46: 5 | L46: ='Landings & Winders.'!O45 -> 233.59846 | M46: =O46-(O46*10%) -> 1027.161 | N46: =(M46-L46)/M46 -> 0.77257854 | O46: 1141.29 | P46: =(O46-L46)/O46 -> 0.79532068 | Q46: =L46/(1-$Q$44) -> 1061.8112 | S46: 5 Winder | T46: 5 | U46: ='Landings & Winders.'!W45 -> 257.79842 | V46: =X46-(X46*10%) -> 1040.661 | W46: =(V46-U46)/V46 -> 0.75227436 | X46: 1156.29 | Y46: =(X46-U46)/X46 -> 0.77704692 | Z46: =U46/(1-$Z$44) -> 1171.811
J49: Winders - Solid Pine 32mm | S49: Winders - Solid Pine 32mm
J50: ITEM | K50: STEPS | L50: COST | M50: W/SALE PRICE | N50: GP% | O50: RETAIL PRICE | P50: GP% | Q50: Desired GP% | S50: ITEM | T50: STEPS | U50: COST | V50: W/SALE PRICE | W50: GP% | X50: RETAIL PRICE | Y50: GP% | Z50: Desired GP%
Q51: 0.75 | Z51: 0.75
J52: 2 Winder | K52: 2 | L52: ='Landings & Winders.'!O51 -> 205.71211 | M52: =O52-(O52*10%) -> 451.6344 | N52: =(M52-L52)/M52 -> 0.5445163 | O52: 501.816 | P52: =(O52-L52)/O52 -> 0.59006467 | Q52: =L52/(1-$Q$51) -> 822.84843 | S52: 2 Winder | T52: 2 | U52: ='Landings & Winders.'!W51 -> 231.07357 | V52: =X52-(X52*10%) -> 658.6704 | W52: =(V52-U52)/V52 -> 0.6491818 | X52: 731.856 | Y52: =(X52-U52)/X52 -> 0.68426362 | Z52: =U52/(1-$Z$51) -> 924.29427
J53: 3 Winder | K53: 3 | L53: ='Landings & Winders.'!O52 -> 188.93131 | M53: =O53-(O53*10%) -> 677.4516 | N53: =(M53-L53)/M53 -> 0.72111468 | O53: =($O$52/2)*K53 -> 752.724 | P53: =(O53-L53)/O53 -> 0.74900321 | Q53: =L53/(1-$Q$51) -> 755.72523 | S53: 3 Winder | T53: 3 | U53: ='Landings & Winders.'!W52 -> 214.29277 | V53: =X53-(X53*10%) -> 988.0056 | W53: =(V53-U53)/V53 -> 0.78310572 | X53: =($X$52/2)*T53 -> 1097.784 | Y53: =(X53-U53)/X53 -> 0.80479514 | Z53: =U53/(1-$Z$51) -> 857.17107
J54: 4 Winder | K54: 4 | L54: ='Landings & Winders.'!O53 -> 284.61693 | M54: =O54-(O54*10%) -> 903.2688 | N54: =(M54-L54)/M54 -> 0.6849034 | O54: =($O$52/2)*K54 -> 1003.632 | P54: =(O54-L54)/O54 -> 0.71641306 | Q54: =L54/(1-$Q$51) -> 1138.4677 | S54: 4 Winder | T54: 4 | U54: ='Landings & Winders.'!W53 -> 311.13988 | V54: =X54-(X54*10%) -> 1317.3408 | W54: =(V54-U54)/V54 -> 0.76381216 | X54: =($X$52/2)*T54 -> 1463.712 | Y54: =(X54-U54)/X54 -> 0.78743094 | Z54: =U54/(1-$Z$51) -> 1244.5595
J55: 6 Winder | K55: 6 | L55: ='Landings & Winders.'!O54 -> 251.05533 | M55: =O55-(O55*10%) -> 1354.9032 | N55: =(M55-L55)/M55 -> 0.81470608 | O55: =($O$52/2)*K55 -> 1505.448 | P55: =(O55-L55)/O55 -> 0.83323547 | Q55: =L55/(1-$Q$51) -> 1004.2213 | S55: 6 Winder | T55: 6 | U55: ='Landings & Winders.'!W54 -> 277.57828 | V55: =X55-(X55*10%) -> 1976.0112 | W55: =(V55-U55)/V55 -> 0.85952596 | X55: =($X$52/2)*T55 -> 2195.568 | Y55: =(X55-U55)/X55 -> 0.87357336 | Z55: =U55/(1-$Z$51) -> 1110.3131
J57: Winders over 180° - Solid Pine 32mm | S57: Winders over 180° - Solid Pine 32mm
J58: ITEM | K58: STEPS | L58: COST | M58: W/SALE PRICE | N58: GP% | O58: RETAIL PRICE | P58: GP% | Q58: Desired GP% | S58: ITEM | T58: STEPS | U58: COST | V58: W/SALE PRICE | W58: GP% | X58: RETAIL PRICE | Y58: GP% | Z58: Desired GP%
Q59: 0.78 | Z59: 0.78
J60: 3 Winder | K60: 3 | L60: ='Landings & Winders.'!O59 -> 344.26218 | M60: =O60-(O60*10%) -> 742.068 | N60: =(M60-L60)/M60 -> 0.53607731 | O60: 824.52 | P60: =(O60-L60)/O60 -> 0.58246958 | Q60: =L60/(1-$Q$59) -> 1564.8281 | S60: 3 Winder | T60: 3 | U60: ='Landings & Winders.'!W59 -> 368.46214 | V60: =X60-(X60*10%) -> 755.568 | W60: =(V60-U60)/V60 -> 0.51233755 | X60: 839.52 | Y60: =(X60-U60)/X60 -> 0.5611038 | Z60: =U60/(1-$Z$59) -> 1674.8279
J61: 5 Winder | K61: 5 | L61: ='Landings & Winders.'!O60 -> 303.74308 | M61: =O61-(O61*10%) -> 1027.161 | N61: =(M61-L61)/M61 -> 0.70428873 | O61: 1141.29 | P61: =(O61-L61)/O61 -> 0.73385986 | Q61: =L61/(1-$Q$59) -> 1380.6504 | S61: 5 Winder | T61: 5 | U61: ='Landings & Winders.'!W60 -> 334.90054 | V61: =X61-(X61*10%) -> 1040.661 | W61: =(V61-U61)/V61 -> 0.67818479 | X61: 1156.29 | Y61: =(X61-U61)/X61 -> 0.71036631 | Z61: =U61/(1-$Z$59) -> 1522.2752
J64: Winders - Pine H3.2 45mm | S64: Winders - Pine H3.2 45mm
J65: ITEM | K65: STEPS | L65: COST | M65: W/SALE PRICE | N65: GP% | O65: RETAIL PRICE | P65: GP% | Q65: Desired GP% | S65: ITEM | T65: STEPS | U65: COST | V65: W/SALE PRICE | W65: GP% | X65: RETAIL PRICE | Y65: GP% | Z65: Desired GP%
Q66: 0.75 | Z66: 0.75
J67: 2 Winder | K67: 2 | L67: ='Landings & Winders.'!O66 -> 216.29786 | M67: =O67-(O67*10%) -> 475.1667 | N67: =(M67-L67)/M67 -> 0.54479584 | O67: 527.963 | P67: =(O67-L67)/O67 -> 0.59031626 | Q67: =L67/(1-$Q$66) -> 865.19143 | S67: 2 Winder | T67: 2 | U67: ='Landings & Winders.'!W66 -> 243.70632 | V67: =X67-(X67*10%) -> 678.5667 | W67: =(V67-U67)/V67 -> 0.64085135 | X67: 753.963 | Y67: =(X67-U67)/X67 -> 0.67676621 | Z67: =U67/(1-$Z$66) -> 974.82527
J68: 3 Winder | K68: 3 | L68: ='Landings & Winders.'!O67 -> 195.23906 | M68: =O68-(O68*10%) -> 712.75005 | N68: =(M68-L68)/M68 -> 0.7260764 | O68: =($O$67/2)*K68 -> 791.9445 | P68: =(O68-L68)/O68 -> 0.75346876 | Q68: =L68/(1-$Q$66) -> 780.95623 | S68: 3 Winder | T68: 3 | U68: ='Landings & Winders.'!W67 -> 222.64752 | V68: =X68-(X68*10%) -> 1017.8501 | W68: =(V68-U68)/V68 -> 0.78125706 | X68: =($X$67/2)*T68 -> 1130.9445 | Y68: =(X68-U68)/X68 -> 0.80313135 | Z68: =U68/(1-$Z$66) -> 890.59007
J69: 4 Winder | K69: 4 | L69: ='Landings & Winders.'!O68 -> 352.18159 | M69: =O69-(O69*10%) -> 903.2688 | N69: =(M69-L69)/M69 -> 0.61010323 | O69: =($O$52/2)*K69 -> 1003.632 | P69: =(O69-L69)/O69 -> 0.6490929 | Q69: =L69/(1-$Q$66) -> 1408.7264 | S69: 4 Winder | T69: 4 | U69: ='Landings & Winders.'!W68 -> 382.79855 | V69: =X69-(X69*10%) -> 1357.1334 | W69: =(V69-U69)/V69 -> 0.71793594 | X69: =($X$67/2)*T69 -> 1507.926 | Y69: =(X69-U69)/X69 -> 0.74614235 | Z69: =U69/(1-$Z$66) -> 1531.1942
J70: 6 Winder | K70: 6 | L70: ='Landings & Winders.'!O69 -> 310.06399 | M70: =O70-(O70*10%) -> 1354.9032 | N70: =(M70-L70)/M70 -> 0.77115414 | O70: =($O$52/2)*K70 -> 1505.448 | P70: =(O70-L70)/O70 -> 0.79403872 | Q70: =L70/(1-$Q$66) -> 1240.256 | S70: 6 Winder | T70: 6 | U70: ='Landings & Winders.'!W69 -> 340.68095 | V70: =X70-(X70*10%) -> 2035.7001 | W70: =(V70-U70)/V70 -> 0.83264679 | X70: =($X$67/2)*T70 -> 2261.889 | Y70: =(X70-U70)/X70 -> 0.84938211 | Z70: =U70/(1-$Z$66) -> 1362.7238
J72: Winders over 180° - Pine H3.2 45mm | S72: Winders over 180° - Pine H3.2 45mm
J73: ITEM | K73: STEPS | L73: COST | M73: W/SALE PRICE | N73: GP% | O73: RETAIL PRICE | P73: GP% | Q73: Desired GP% | S73: ITEM | T73: STEPS | U73: COST | V73: W/SALE PRICE | W73: GP% | X73: RETAIL PRICE | Y73: GP% | Z73: Desired GP%
Q74: 0.83 | Z74: 0.83
J75: 3 Winder | K75: 3 | L75: ='Landings & Winders.'!O74 -> 424.93685 | M75: =O75-(O75*10%) -> 1836.4091 | N75: =(M75-L75)/M75 -> 0.76860447 | O75: 2040.4545 | P75: =(O75-L75)/O75 -> 0.79174403 | Q75: =L75/(1-$Q$74) -> 2499.6285 | S75: 3 Winder | T75: 3 | U75: ='Landings & Winders.'!W74 -> 449.13681 | V75: =X75-(X75*10%) -> 1951.9773 | W75: =(V75-U75)/V75 -> 0.76990674 | X75: 2168.8636 | Y75: =(X75-U75)/X75 -> 0.79291607 | Z75: =U75/(1-$Z$74) -> 2641.9812
J76: 5 Winder | K76: 5 | L76: ='Landings & Winders.'!O75 -> 382.81925 | M76: =O76-(O76*10%) -> 2376.5294 | N76: =(M76-L76)/M76 -> 0.83891668 | O76: 2640.5882 | P76: =(O76-L76)/O76 -> 0.85502501 | Q76: =L76/(1-$Q$74) -> 2251.8779 | S76: 5 Winder | T76: 5 | U76: ='Landings & Winders.'!W75 -> 407.01921 | V76: =X76-(X76*10%) -> 2526.0882 | W76: =(V76-U76)/V76 -> 0.83887372 | X76: 2806.7647 | Y76: =(X76-U76)/X76 -> 0.85498635 | Z76: =U76/(1-$Z$74) -> 2394.2306

Sheet Kitset
A1: Sell Prices as at June 2022 | J1: Freight | N1: Sell Prices as at June 2022 | W1: Freight
A4: Kitset Stairs 200x50 | N4: Exterior Treads & Baton 150x50
A5: ITEM | B5: LENGTH | C5: COST | D5: W/SALE PRICE | E5: GP% | F5: RETAIL PRICE | G5: GP% | H5: Desired GP% | J5: W/SALE FREIGHT | K5: RETAIL FREIGHT | N5: ITEM | O5: LENGTH | P5: COST | Q5: W/SALE PRICE | R5: GP% | S5: RETAIL PRICE | T5: GP% | U5: Desired GP% | W5: W/SALE FREIGHT | X5: RETAIL FREIGHT
H6: 0.7 | J6: 0.06 | K6: 0.06 | U6: 0.65 | W6: 0.06 | X6: 0.06
A7: Kitset Stair | B7: 1 Step | C7: =Kitset.!E6 -> 18.038 | D7: 53.5703 | E7: =(D7-C7)/D7 -> 0.66328357 | F7: 71.9146 | G7: =(F7-C7)/F7 -> 0.74917472 | H7: =C7/(1-$H$6) -> 60.126667 | J7: =(D7*$J$6) -> 3.214218 | K7: =(F7*$K$6) -> 4.314876 | N7: Ext. Tread & Baton | O7: 900mm | P7: =Kitset.!M6 -> 22.5666 | Q7: 50.5716 | R7: =(Q7-P7)/Q7 -> 0.55376931 | S7: 68.1972 | T7: =(S7-P7)/S7 -> 0.66909785 | U7: =P7/(1-$U$6) -> 64.476 | W7: =(Q7*$J$6) -> 3.034296 | X7: =(S7*$K$6) -> 4.091832
A8: Kitset Stair | B8: 2 Step | C8: =Kitset.!E7 -> 26.383 | D8: 71.2245 | E8: =(D8-C8)/D8 -> 0.62957971 | F8: 93.02445 | G8: =(F8-C8)/F8 -> 0.71638639 | H8: =C8/(1-$H$6) -> 87.943333 | J8: =(D8*$J$6) -> 4.27347 | K8: =(F8*$K$6) -> 5.581467 | N8: Ext. Tread & Baton | O8: 1200mm | P8: =Kitset.!M7 -> 30.0888 | Q8: 64.0356 | R8: =(Q8-P8)/Q8 -> 0.53012387 | S8: 88.281 | T8: =(S8-P8)/S8 -> 0.65917015 | U8: =P8/(1-$U$6) -> 85.968 | W8: =(Q8*$J$6) -> 3.842136 | X8: =(S8*$K$6) -> 5.29686
A9: Kitset Stair | B9: 3 Step | C9: =Kitset.!E8 -> 36.0555 | D9: 91.258 | E9: =(D9-C9)/D9 -> 0.60490587 | F9: 126.4325 | G9: =(F9-C9)/F9 -> 0.71482412 | H9: =C9/(1-$H$6) -> 120.185 | J9: =(D9*$J$6) -> 5.47548 | K9: =(F9*$K$6) -> 7.58595
A10: Kitset Stair | B10: 4 Step | C10: =Kitset.!E9 -> 45.341 | D10: 110.3645 | E10: =(D10-C10)/D10 -> 0.58917043 | F10: 151.41 | G10: =(F10-C10)/F10 -> 0.70054158 | H10: =C10/(1-$H$6) -> 151.13667 | J10: =(D10*$J$6) -> 6.62187 | K10: =(F10*$K$6) -> 9.0846 | N10: Ext. Tread & Baton | O10: Rdm | P10: =Kitset.!M9 -> 17.816 | Q10: =S10-(S10*10%) -> 45.812571 | R10: =(Q10-P10)/Q10 -> 0.61111111 | S10: =U10 -> 50.902857 | T10: =(S10-P10)/S10 -> 0.65 | U10: =P10/(1-$U$6) -> 50.902857 | W10: =(Q10*$J$6) -> 2.7487543 | X10: =(S10*$K$6) -> 3.0541714
A11: Kitset Stair | B11: 5 Step | C11: =Kitset.!E10 -> 54.901 | D11: 131.1808 | E11: =(D11-C11)/D11 -> 0.58148601 | F11: 184.885 | G11: =(F11-C11)/F11 -> 0.70305325 | H11: =C11/(1-$H$6) -> 183.00333 | J11: =(D11*$J$6) -> 7.870848 | K11: =(F11*$K$6) -> 11.0931
A12: Kitset Stair | B12: 6 Step | C12: =Kitset.!E11 -> 64.38 | D12: 154.8708 | E12: =(D12-C12)/D12 -> 0.58429865 | F12: 218.36 | G12: =(F12-C12)/F12 -> 0.70516578 | H12: =C12/(1-$H$6) -> 214.6 | J12: =(D12*$J$6) -> 9.292248 | K12: =(F12*$K$6) -> 13.1016
A13: Kitset Stair | B13: 7 Step | C13: =Kitset.!E12 -> 73.8995 | D13: 176.4493 | E13: =(D13-C13)/D13 -> 0.58118564 | F13: 253.38 | G13: =(F13-C13)/F13 -> 0.70834517 | H13: =C13/(1-$H$6) -> 246.33167 | J13: =(D13*$J$6) -> 10.586958 | K13: =(F13*$K$6) -> 15.2028
A14: Kitset Stair | B14: 8 Step | C14: =Kitset.!E13 -> 83.419 | D14: 200.8603 | E14: =(D14-C14)/D14 -> 0.58469145 | F14: 294.58 | G14: =(F14-C14)/F14 -> 0.71682056 | H14: =C14/(1-$H$6) -> 278.06333 | J14: =(D14*$J$6) -> 12.051618 | K14: =(F14*$K$6) -> 17.6748
A15: Kitset Stair | B15: 9 Step | C15: =Kitset.!E14 -> 92.898 | D15: 225.1683 | E15: =(D15-C15)/D15 -> 0.5874286 | F15: 328.57 | G15: =(F15-C15)/F15 -> 0.71726573 | H15: =C15/(1-$H$6) -> 309.66 | J15: =(D15*$J$6) -> 13.510098 | K15: =(F15*$K$6) -> 19.7142
A16: Kitset Stair | B16: 10 Step | C16: =Kitset.!E15 -> 102.377 | D16: 244.3263 | E16: =(D16-C16)/D16 -> 0.58098248 | F16: 359.985 | G16: =(F16-C16)/F16 -> 0.71560759 | H16: =C16/(1-$H$6) -> 341.25667 | J16: =(D16*$J$6) -> 14.659578 | K16: =(F16*$K$6) -> 21.5991
A17: Kitset Stair | B17: 11 Step | C17: =Kitset.!E16 -> 111.856 | D17: 264.5143 | E17: =(D17-C17)/D17 -> 0.57712683 | F17: 391.4 | G17: =(F17-C17)/F17 -> 0.71421564 | H17: =C17/(1-$H$6) -> 372.85333 | J17: =(D17*$J$6) -> 15.870858 | K17: =(F17*$K$6) -> 23.484
A18: Kitset Stair | B18: 12 Step | C18: =Kitset.!E17 -> 121.3836 | D18: 285.8662 | E18: =(D18-C18)/D18 -> 0.57538317 | F18: 422.815 | G18: =(F18-C18)/F18 -> 0.71291558 | H18: =C18/(1-$H$6) -> 404.612 | J18: =(D18*$J$6) -> 17.151972 | K18: =(F18*$K$6) -> 25.3689
A19: Kitset Stair | B19: 13 Step | C19: =Kitset.!E18 -> 130.8788 | D19: 309.1854 | E19: =(D19-C19)/D19 -> 0.57669799 | F19: 458.35 | G19: =(F19-C19)/F19 -> 0.71445664 | H19: =C19/(1-$H$6) -> 436.26267 | J19: =(D19*$J$6) -> 18.551124 | K19: =(F19*$K$6) -> 27.501
A20: Kitset Stair | B20: 14 Step | C20: =Kitset.!E19 -> 140.374 | D20: 330.4446 | E20: =(D20-C20)/D20 -> 0.57519657 | F20: 486.16 | G20: =(F20-C20)/F20 -> 0.71125967 | H20: =C20/(1-$H$6) -> 467.91333 | J20: =(D20*$J$6) -> 19.826676 | K20: =(F20*$K$6) -> 29.1696
A21: Kitset Stair | B21: 15 Step | C21: =Kitset.!E20 -> 149.853 | D21: 350.6326 | E21: =(D21-C21)/D21 -> 0.57262103 | F21: 519.12 | G21: =(F21-C21)/F21 -> 0.71133264 | H21: =C21/(1-$H$6) -> 499.51 | J21: =(D21*$J$6) -> 21.037956 | K21: =(F21*$K$6) -> 31.1472
A22: Kitset Stair | B22: 16 Step | C22: =Kitset.!E21 -> 159.332 | D22: 371.8506 | E22: =(D22-C22)/D22 -> 0.57151609 | F22: 543.84 | G22: =(F22-C22)/F22 -> 0.70702412 | H22: =C22/(1-$H$6) -> 531.10667 | J22: =(D22*$J$6) -> 22.311036 | K22: =(F22*$K$6) -> 32.6304
A24: Kitset Stairs 250x50
A25: ITEM | B25: LENGTH | C25: COST | D25: W/SALE PRICE | E25: GP% | F25: RETAIL PRICE | G25: GP% | H25: Desired GP% | J25: W/SALE FREIGHT | K25: RETAIL FREIGHT
H26: 0.7 | J26: 0.06 | K26: 0.06
A27: Kitset Stair | B27: 1 Step | C27: =Kitset.!E26 -> 26.806 | D27: 123.6412 | E27: =(D27-C27)/D27 -> 0.78319525 | F27: 160.7312 | G27: =(F27-C27)/F27 -> 0.83322467 | H27: =C27/(1-$H$26) -> 89.353333 | J27: =(D27*$J$6) -> 7.418472 | K27: =(F27*$K$6) -> 9.6438722
A28: Kitset Stair | B28: 2 Step | C28: =Kitset.!E27 -> 38.8602 | D28: 147.0222 | E28: =(D28-C28)/D28 -> 0.73568481 | F28: 191.12545 | G28: =(F28-C28)/F28 -> 0.796677 | H28: =C28/(1-$H$26) -> 129.534 | J28: =(D28*$J$6) -> 8.821332 | K28: =(F28*$K$6) -> 11.467527
A29: Kitset Stair | B29: 3 Step | C29: =Kitset.!E28 -> 52.1294 | D29: 169.3732 | E29: =(D29-C29)/D29 -> 0.69222167 | F29: 220.1807 | G29: =(F29-C29)/F29 -> 0.76324265 | H29: =C29/(1-$H$26) -> 173.76467 | J29: =(D29*$J$6) -> 10.162392 | K29: =(F29*$K$6) -> 13.210842
A30: Kitset Stair | B30: 4 Step | C30: =Kitset.!E29 -> 65.2366 | D30: 191.7242 | E30: =(D30-C30)/D30 -> 0.65973727 | F30: 249.23595 | G30: =(F30-C30)/F30 -> 0.73825366 | H30: =C30/(1-$H$26) -> 217.45533 | J30: =(D30*$J$6) -> 11.503452 | K30: =(F30*$K$6) -> 14.954157
A31: Kitset Stair | B31: 5 Step | C31: =Kitset.!E30 -> 78.5058 | D31: 215.1052 | E31: =(D31-C31)/D31 -> 0.63503532 | F31: 279.6302 | G31: =(F31-C31)/F31 -> 0.71925136 | H31: =C31/(1-$H$26) -> 261.686 | J31: =(D31*$J$6) -> 12.906312 | K31: =(F31*$K$6) -> 16.777812
A32: Kitset Stair | B32: 6 Step | C32: =Kitset.!E31 -> 91.694 | D32: 241.5659 | E32: =(D32-C32)/D32 -> 0.62041828 | F32: 314.04145 | G32: =(F32-C32)/F32 -> 0.70801944 | H32: =C32/(1-$H$26) -> 305.64667 | J32: =(D32*$J$6) -> 14.493954 | K32: =(F32*$K$6) -> 18.842487
A33: Kitset Stair | B33: 7 Step | C33: =Kitset.!E32 -> 104.9227 | D33: 269.0669 | E33: =(D33-C33)/D33 -> 0.61004977 | F33: 349.7917 | G33: =(F33-C33)/F33 -> 0.70004234 | H33: =C33/(1-$H$26) -> 349.74233 | J33: =(D33*$J$6) -> 16.144014 | K33: =(F33*$K$6) -> 20.987502
A34: Kitset Stair | B34: 8 Step | C34: =Kitset.!E33 -> 118.1514 | D34: 296.5679 | E34: =(D34-C34)/D34 -> 0.60160422 | F34: 385.54195 | G34: =(F34-C34)/F34 -> 0.69354464 | H34: =C34/(1-$H$26) -> 393.838 | J34: =(D34*$J$6) -> 17.794074 | K34: =(F34*$K$6) -> 23.132517
A35: Kitset Stair | B35: 9 Step | C35: =Kitset.!E34 -> 131.3396 | D35: 324.07093 | E35: =(D35-C35)/D35 -> 0.59471958 | F35: 421.29221 | G35: =(F35-C35)/F35 -> 0.68824583 | H35: =C35/(1-$H$26) -> 437.79867 | J35: =(D35*$J$6) -> 19.444256 | K35: =(F35*$K$6) -> 25.277532
A36: Kitset Stair | B36: 10 Step | C36: =Kitset.!E35 -> 144.5278 | D36: 346.42112 | E36: =(D36-C36)/D36 -> 0.58279738 | F36: 450.34746 | G36: =(F36-C36)/F36 -> 0.6790749 | H36: =C36/(1-$H$26) -> 481.75933 | J36: =(D36*$J$6) -> 20.785267 | K36: =(F36*$K$6) -> 27.020847
A37: Kitset Stair | B37: 11 Step | C37: =Kitset.!E36 -> 157.716 | D37: 369.80131 | E37: =(D37-C37)/D37 -> 0.57351152 | F37: 480.74171 | G37: =(F37-C37)/F37 -> 0.67193194 | H37: =C37/(1-$H$26) -> 525.72 | J37: =(D37*$J$6) -> 22.188079 | K37: =(F37*$K$6) -> 28.844502
A38: Kitset Stair | B38: 12 Step | C38: =Kitset.!E37 -> 170.9528 | D38: 394.2115 | E38: =(D38-C38)/D38 -> 0.56634244 | F38: 512.47496 | G38: =(F38-C38)/F38 -> 0.66641726 | H38: =C38/(1-$H$26) -> 569.84267 | J38: =(D38*$J$6) -> 23.65269 | K38: =(F38*$K$6) -> 30.748497
... A42: Kitset Stair | B42: 16 Step | C42: =Kitset.!E41 -> 223.738 | D42: 492.88227 | E42: =(D42-C42)/D42 -> 0.54606199 | F42: 640.74696 | G42: =(F42-C42)/F42 -> 0.65081691 | H42: =C42/(1-$H$26) -> 745.79333 | J42: =(D42*$J$6) -> 29.572936 | K42: =(F42*$K$6) -> 38.444817
A44: Kitset Stairs 300x50
A45: ITEM | B45: LENGTH | C45: COST | D45: W/SALE PRICE | E45: GP% | F45: RETAIL PRICE | G45: GP% | H45: Desired GP% | J45: W/SALE FREIGHT | K45: RETAIL FREIGHT
H46: 0.7 | J46: 0.06 | K46: 0.06
A47: Kitset Stair | B47: 1 Step | C47: =Kitset.!E46 -> 26.806 | D47: 133.69595 | E47: =(D47-C47)/D47 -> 0.79950028 | F47: 173.80473 | G47: =(F47-C47)/F47 -> 0.84576945 | H47: =C47/(1-$H$46) -> 89.353333 | J47: =(D47*$J$6) -> 8.0217569 | K47: =(F47*$K$6) -> 10.428284
A48: Kitset Stair | B48: 2 Step | C48: =Kitset.!E47 -> 38.8602 | D48: 161.81709 | E48: =(D48-C48)/D48 -> 0.75985108 | F48: 210.36222 | G48: =(F48-C48)/F48 -> 0.81527006 | H48: =C48/(1-$H$46) -> 129.534 | J48: =(D48*$J$6) -> 9.7090254 | K48: =(F48*$K$6) -> 12.621733
A49: Kitset Stair | B49: 3 Step | C49: =Kitset.!E48 -> 52.1294 | D49: 188.90823 | E49: =(D49-C49)/D49 -> 0.72404908 | F49: 245.5807 | G49: =(F49-C49)/F49 -> 0.78773006 | H49: =C49/(1-$H$46) -> 173.76467 | J49: =(D49*$J$6) -> 11.334494 | K49: =(F49*$K$6) -> 14.734842
A50: Kitset Stair | B50: 4 Step | C50: =Kitset.!E49 -> 65.2366 | D50: 215.99937 | E50: =(D50-C50)/D50 -> 0.69797783 | F50: 280.79919 | G50: =(F50-C50)/F50 -> 0.76767525 | H50: =C50/(1-$H$46) -> 217.45533 | J50: =(D50*$J$6) -> 12.959962 | K50: =(F50*$K$6) -> 16.847951
A51: Kitset Stair | B51: 5 Step | C51: =Kitset.!E50 -> 78.5058 | D51: 244.12052 | E51: =(D51-C51)/D51 -> 0.67841376 | F51: 317.35667 | G51: =(F51-C51)/F51 -> 0.75262597 | H51: =C51/(1-$H$46) -> 261.686 | J51: =(D51*$J$6) -> 14.647231 | K51: =(F51*$K$6) -> 19.0414
A52: Kitset Stair | B52: 6 Step | C52: =Kitset.!E51 -> 91.694 | D52: 275.33166 | E52: =(D52-C52)/D52 -> 0.66696892 | F52: 357.93116 | G52: =(F52-C52)/F52 -> 0.74382225 | H52: =C52/(1-$H$46) -> 305.64667 | J52: =(D52*$J$6) -> 16.5199 | K52: =(F52*$K$6) -> 21.475869
A53: Kitset Stair | B53: 7 Step | C53: =Kitset.!E52 -> 104.9227 | D53: 307.5728 | E53: =(D53-C53)/D53 -> 0.65886873 | F53: 399.84464 | G53: =(F53-C53)/F53 -> 0.73759133 | H53: =C53/(1-$H$46) -> 349.74233 | J53: =(D53*$J$6) -> 18.454368 | K53: =(F53*$K$6) -> 23.990679
A54: Kitset Stair | B54: 8 Step | C54: =Kitset.!E53 -> 118.1514 | D54: 339.81394 | E54: =(D54-C54)/D54 -> 0.65230562 | F54: 441.75813 | G54: =(F54-C54)/F54 -> 0.73254278 | H54: =C54/(1-$H$46) -> 393.838 | J54: =(D54*$J$6) -> 20.388837 | K54: =(F54*$K$6) -> 26.505488
A55: Kitset Stair | B55: 9 Step | C55: =Kitset.!E54 -> 131.3396 | D55: 372.05509 | E55: =(D55-C55)/D55 -> 0.64698883 | F55: 483.67161 | G55: =(F55-C55)/F55 -> 0.72845295 | H55: =C55/(1-$H$46) -> 437.79867 | J55: =(D55*$J$6) -> 22.323305 | K55: =(F55*$K$6) -> 29.020297
A56: Kitset Stair | B56: 10 Step | C56: =Kitset.!E55 -> 144.5278 | D56: 399.14623 | E56: =(D56-C56)/D56 -> 0.63790764 | F56: 518.8901 | G56: =(F56-C56)/F56 -> 0.72146742 | H56: =C56/(1-$H$46) -> 481.75933 | J56: =(D56*$J$6) -> 23.948774 | K56: =(F56*$K$6) -> 31.133406
A57: Kitset Stair | B57: 11 Step | C57: =Kitset.!E56 -> 157.716 | D57: 427.26737 | E57: =(D57-C57)/D57 -> 0.63087282 | F57: 555.44758 | G57: =(F57-C57)/F57 -> 0.71605602 | H57: =C57/(1-$H$46) -> 525.72 | J57: =(D57*$J$6) -> 25.636042 | K57: =(F57*$K$6) -> 33.326855
A58: Kitset Stair | B58: 12 Step | C58: =Kitset.!E57 -> 170.9528 | D58: 456.41851 | E58: =(D58-C58)/D58 -> 0.62544727 | F58: 593.34407 | G58: =(F58-C58)/F58 -> 0.71188252 | H58: =C58/(1-$H$46) -> 569.84267 | J58: =(D58*$J$6) -> 27.385111 | K58: =(F58*$K$6) -> 35.600644
... A62: Kitset Stair | B62: 16 Step | C62: =Kitset.!E61 -> 223.738 | D62: 574.05308 | E62: =(D62-C62)/D62 -> 0.61024859 | F62: 746.26901 | G62: =(F62-C62)/F62 -> 0.70019122 | H62: =C62/(1-$H$46) -> 745.79333 | J62: =(D62*$J$6) -> 34.443185 | K62: =(F62*$K$6) -> 44.776141
A64: Cut-Under Kitset Stairs 300x50
A65: ITEM | B65: LENGTH | C65: COST | D65: W/SALE PRICE | E65: GP% | F65: RETAIL PRICE | G65: GP% | H65: Desired GP% | J65: W/SALE FREIGHT | K65: RETAIL FREIGHT
H66: 0.7 | J66: 0.06 | K66: 0.06
A67: Kitset Stair | B67: 2 Step | C67: =Kitset.!E68 -> 27.8234 | D67: 79.236805 | E67: =(D67-C67)/D67 -> 0.64885762 | F67: 110.93153 | G67: =(F67-C67)/F67 -> 0.74918402 | H67: =C67/(1-$H$66) -> 92.744667 | J67: =(D67*$J$6) -> 4.7542083 | K67: =(F67*$K$6) -> 6.6558916
A68: Kitset Stair | B68: 3 Step | C68: =Kitset.!E69 -> 34.3105 | D68: 92.650865 | E68: =(D68-C68)/D68 -> 0.62967966 | F68: 129.71121 | G68: =(F68-C68)/F68 -> 0.73548547 | H68: =C68/(1-$H$66) -> 114.36833 | J68: =(D68*$J$6) -> 5.5590519 | K68: =(F68*$K$6) -> 7.7826727
A69: Kitset Stair | B69: 4 Step | C69: =Kitset.!E70 -> 41.135 | D69: 106.8779 | E69: =(D69-C69)/D69 -> 0.61512155 | F69: 149.62906 | G69: =(F69-C69)/F69 -> 0.72508682 | H69: =C69/(1-$H$66) -> 137.11667 | J69: =(D69*$J$6) -> 6.412674 | K69: =(F69*$K$6) -> 8.9777436
A70: Kitset Stair | B70: 5 Step | C70: =Kitset.!E71 -> 47.9595 | D70: 122.12493 | E70: =(D70-C70)/D70 -> 0.6072915 | F70: 170.97491 | G70: =(F70-C70)/F70 -> 0.71949393 | H70: =C70/(1-$H$66) -> 159.865 | J70: =(D70*$J$6) -> 7.327496 | K70: =(F70*$K$6) -> 10.258494
A71: Kitset Stair | B71: 6 Step | C71: =Kitset.!E72 -> 54.784 | D71: 140.43197 | E71: =(D71-C71)/D71 -> 0.60988939 | F71: 196.60476 | G71: =(F71-C71)/F71 -> 0.72134957 | H71: =C71/(1-$H$66) -> 182.61333 | J71: =(D71*$J$6) -> 8.4259181 | K71: =(F71*$K$6) -> 11.796285
A72: Kitset Stair | B72: 7 Step | C72: =Kitset.!E73 -> 62.0135 | D72: 160.77917 | E72: =(D72-C72)/D72 -> 0.61429393 | F72: 225.09083 | G72: =(F72-C72)/F72 -> 0.72449566 | H72: =C72/(1-$H$66) -> 206.71167 | J72: =(D72*$J$6) -> 9.6467499 | K72: =(F72*$K$6) -> 13.50545
A73: Kitset Stair | B73: 8 Step | C73: =Kitset.!E74 -> 70.053 | D73: 183.16669 | E73: =(D73-C73)/D73 -> 0.61754509 | F73: 256.43336 | G73: =(F73-C73)/F73 -> 0.72681792 | H73: =C73/(1-$H$66) -> 233.51 | J73: =(D73*$J$6) -> 10.990001 | K73: =(F73*$K$6) -> 15.386002
A74: Kitset Stair | B74: 9 Step | C74: =Kitset.!E75 -> 78.4975 | D74: 206.59362 | E74: =(D74-C74)/D74 -> 0.62003908 | F74: 289.23106 | G74: =(F74-C74)/F74 -> 0.72859934 | H74: =C74/(1-$H$66) -> 261.65833 | J74: =(D74*$J$6) -> 12.395617 | K74: =(F74*$K$6) -> 17.353864
A75: Kitset Stair | B75: 10 Step | C75: =Kitset.!E76 -> 86.78 | D75: 224.49531 | E75: =(D75-C75)/D75 -> 0.61344404 | F75: 314.29343 | G75: =(F75-C75)/F75 -> 0.7238886 | H75: =C75/(1-$H$66) -> 289.26667 | J75: =(D75*$J$6) -> 13.469719 | K75: =(F75*$K$6) -> 18.857606
A76: Kitset Stair | B76: 11 Step | C76: =Kitset.!E77 -> 95.1435 | D76: 243.62104 | E76: =(D76-C76)/D76 -> 0.60946106 | F76: 341.06945 | G76: =(F76-C76)/F76 -> 0.72104362 | H76: =C76/(1-$H$66) -> 317.145 | J76: =(D76*$J$6) -> 14.617262 | K76: =(F76*$K$6) -> 20.464167
A77: Kitset Stair | B77: 12 Step | C77: =Kitset.!E78 -> 103.507 | D77: 263.76676 | E77: =(D77-C77)/D77 -> 0.60758134 | F77: 369.27347 | G77: =(F77-C77)/F77 -> 0.71970095 | H77: =C77/(1-$H$66) -> 345.02333 | J77: =(D77*$J$6) -> 15.826006 | K77: =(F77*$K$6) -> 22.156408
A78: Kitset Stair | B78: 13 Step | C78: =Kitset.!E79 -> 111.8705 | D78: 285.95249 | E78: =(D78-C78)/D78 -> 0.60877941 | F78: 400.33348 | G78: =(F78-C78)/F78 -> 0.72055672 | H78: =C78/(1-$H$66) -> 372.90167 | J78: =(D78*$J$6) -> 17.157149 | K78: =(F78*$K$6) -> 24.020009
... A81: Kitset Stair | B81: 16 Step | C81: =Kitset.!E82 -> 136.961 | D81: 345.36967 | E81: =(D81-C81)/D81 -> 0.60343651 | F81: 483.51753 | G81: =(F81-C81)/F81 -> 0.71674036 | H81: =C81/(1-$H$66) -> 456.53667 | J81: =(D81*$J$6) -> 20.72218 | K81: =(F81*$K$6) -> 29.011052

Sheet External
A1: Sell Prices as at June 2022 | J1: Freight
A4: Open Rise
A5: ITEM | B5: WIDTH | C5: COST | D5: W/SALE PRICE | E5: GP% | F5: RETAIL PRICE | G5: GP% | H5: Desired GP% | J5: W/SALE FREIGHT | K5: RETAIL FREIGHT
D6: (less 10%) | H6: 0.64 | J6: 0.06 | K6: 0.06
A7: External Stair | B7: 0.9m | C7: =External.!G6 -> 42.454742 | D7: =F7-(F7*10%) -> 114.41448 | E7: =(D7-C7)/D7 -> 0.62893907 | F7: 127.12719 | G7: =(F7-C7)/F7 -> 0.66604516 | H7: =C7/(1-$H$6) -> 117.92984 | J7: =(D7*$J$6) -> 6.8648685 | K7: =(F7*$K$6) -> 7.6276317
A8: External Stair | B8: 1.0m | C8: =External.!G7 -> 44.564248 | D8: =F8-(F8*10%) -> 119.52837 | E8: =(D8-C8)/D8 -> 0.62716595 | F8: 132.80931 | G8: =(F8-C8)/F8 -> 0.66444935 | H8: =C8/(1-$H$6) -> 123.78958 | J8: =(D8*$J$6) -> 7.1717025 | K8: =(F8*$K$6) -> 7.9685583
A9: External Stair | B9: 1.2m | C9: =External.!G8 -> 48.758004 | D9: =F9-(F9*10%) -> 129.69788 | E9: =(D9-C9)/D9 -> 0.62406474 | F9: 144.10875 | G9: =(F9-C9)/F9 -> 0.66165827 | H9: =C9/(1-$H$6) -> 135.4389 | J9: =(D9*$J$6) -> 7.7818725 | K9: =(F9*$K$6) -> 8.646525
A10: External Stair | B10: 1.5m | C10: =External.!G9 -> 63.781044 | D10: =F10-(F10*10%) -> 170.66013 | E10: =(D10-C10)/D10 -> 0.62626862 | F10: 189.62236 | G10: =(F10-C10)/F10 -> 0.66364176 | H10: =C10/(1-$H$6) -> 177.16957 | J10: =(D10*$J$6) -> 10.239608 | K10: =(F10*$K$6) -> 11.377342
A11: External Stair | B11: 1.8m | C11: =External.!G10 -> 73.981558 | D11: =F11-(F11*10%) -> 193.06433 | E11: =(D11-C11)/D11 -> 0.61680358 | F11: 214.51592 | G11: =(F11-C11)/F11 -> 0.65512322 | H11: =C11/(1-$H$6) -> 205.50433 | J11: =(D11*$J$6) -> 11.58386 | K11: =(F11*$K$6) -> 12.870955
A12: External Stair | B12: 2.1m | C12: =External.!G11 -> 83.859405 | D12: =F12-(F12*10%) -> 214.47978 | E12: =(D12-C12)/D12 -> 0.6090102 | F12: 238.31086 | G12: =(F12-C12)/F12 -> 0.64810918 | H12: =C12/(1-$H$6) -> 232.94279 | J12: =(D12*$J$6) -> 12.868787 | K12: =(F12*$K$6) -> 14.298652
A13: External Stair | B13: 2.4m | C13: =External.!G12 -> 90.187925 | D13: =F13-(F13*10%) -> 232.92897 | E13: =(D13-C13)/D13 -> 0.61280933 | F13: 258.80997 | G13: =(F13-C13)/F13 -> 0.6515284 | H13: =C13/(1-$H$6) -> 250.52201 | J13: =(D13*$J$6) -> 13.975738 | K13: =(F13*$K$6) -> 15.528598
A15: Closed Riser - Ex 25mm
A16: ITEM | B16: WIDTH | C16: COST | D16: W/SALE PRICE | E16: GP% | F16: RETAIL PRICE | G16: GP% | H16: Desired GP% | J16: W/SALE FREIGHT | K16: RETAIL FREIGHT
D17: (less 10%) | H17: 0.64 | J17: 0.06 | K17: 0.06
A18: External Stair | B18: 0.9m | C18: =External.!G17 -> 53.037842 | D18: =F18-(F18*10%) -> 122.53248 | E18: =(D18-C18)/D18 -> 0.56715278 | F18: 136.14719 | G18: =(F18-C18)/F18 -> 0.6104375 | H18: =C18/(1-$H$6) -> 147.32734 | J18: =(D18*$J$6) -> 7.3519485 | K18: =(F18*$K$6) -> 8.1688317
A19: External Stair | B19: 1.0m | C19: =External.!G18 -> 56.323248 | D19: =F19-(F19*10%) -> 128.54838 | E19: =(D19-C19)/D19 -> 0.56185173 | F19: 142.83153 | G19: =(F19-C19)/F19 -> 0.60566656 | H19: =C19/(1-$H$6) -> 156.45347 | J19: =(D19*$J$6) -> 7.7129025 | K19: =(F19*$K$6) -> 8.5698917
A20: External Stair | B20: 1.2m | C20: =External.!G19 -> 62.975704 | D20: =F20-(F20*10%) -> 146.96013 | E20: =(D20-C20)/D20 -> 0.57147761 | F20: 163.28903 | G20: =(F20-C20)/F20 -> 0.61432985 | H20: =C20/(1-$H$6) -> 174.93251 | J20: =(D20*$J$6) -> 8.8176075 | K20: =(F20*$K$6) -> 9.7973417
A21: External Stair | B21: 1.5m | C21: =External.!G20 -> 81.419544 | D21: =F21-(F21*10%) -> 186.30888 | E21: =(D21-C21)/D21 -> 0.56298623 | F21: 207.00986 | G21: =(F21-C21)/F21 -> 0.6066876 | H21: =C21/(1-$H$6) -> 226.1654 | J21: =(D21*$J$6) -> 11.178532 | K21: =(F21*$K$6) -> 12.420592
A22: External Stair | B22: 1.8m | C22: =External.!G21 -> 95.147758 | D22: =F22-(F22*10%) -> 207.88783 | E22: =(D22-C22)/D22 -> 0.54231202 | F22: 230.98647 | G22: =(F22-C22)/F22 -> 0.58808082 | H22: =C22/(1-$H$6) -> 264.29933 | J22: =(D22*$J$6) -> 12.47327 | K22: =(F22*$K$6) -> 13.859188
A23: External Stair | B23: 2.1m | C23: =External.!G22 -> 108.5533 | D23: =F23-(F23*10%) -> 236.52927 | E23: =(D23-C23)/D23 -> 0.54105763 | F23: 262.81031 | G23: =(F23-C23)/F23 -> 0.58695187 | H23: =C23/(1-$H$6) -> 301.53696 | J23: =(D23*$J$6) -> 14.191756 | K23: =(F23*$K$6) -> 15.768618
A24: External Stair | B24: 2.4m | C24: =External.!G23 -> 118.40953 | D24: =F24-(F24*10%) -> 258.81448 | E24: =(D24-C24)/D24 -> 0.54249265 | F24: 287.57164 | G24: =(F24-C24)/F24 -> 0.58824338 | H24: =C24/(1-$H$6) -> 328.91535 | J24: =(D24*$J$6) -> 15.528868 | K24: =(F24*$K$6) -> 17.254298
A26: Closed Riser - Ex 50mm
A27: ITEM | B27: WIDTH | C27: COST | D27: W/SALE PRICE | E27: GP% | F27: RETAIL PRICE | G27: GP% | H27: Desired GP% | J27: W/SALE FREIGHT | K27: RETAIL FREIGHT
D28: (less 10%) | H28: 0.64 | J28: 0.06 | K28: 0.06
A29: External Stair | B29: 0.9m | C29: =External.!G28 -> 51.820142 | D29: =F29-(F29*10%) -> 137.82798 | E29: =(D29-C29)/D29 -> 0.62402305 | F29: 153.14219 | G29: =(F29-C29)/F29 -> 0.66162074 | H29: =C29/(1-$H$6) -> 143.94484 | J29: =(D29*$J$6) -> 8.2696785 | K29: =(F29*$K$6) -> 9.1885317
A30: External Stair | B30: 1.0m | C30: =External.!G29 -> 54.970248 | D30: =F30-(F30*10%) -> 145.54337 | E30: =(D30-C30)/D30 -> 0.6223102 | F30: 161.71486 | G30: =(F30-C30)/F30 -> 0.66007918 | H30: =C30/(1-$H$6) -> 152.69513 | J30: =(D30*$J$6) -> 8.7326025 | K30: =(F30*$K$6) -> 9.7028917
A31: External Stair | B31: 1.2m | C31: =External.!G30 -> 61.339804 | D31: =F31-(F31*10%) -> 167.50863 | E31: =(D31-C31)/D31 -> 0.63381107 | F31: 186.12069 | G31: =(F31-C31)/F31 -> 0.67042996 | H31: =C31/(1-$H$6) -> 170.38834 | J31: =(D31*$J$6) -> 10.050518 | K31: =(F31*$K$6) -> 11.167242
A32: External Stair | B32: 1.5m | C32: =External.!G31 -> 79.390044 | D32: =F32-(F32*10%) -> 211.80138 | E32: =(D32-C32)/D32 -> 0.62516747 | F32: 235.33486 | G32: =(F32-C32)/F32 -> 0.66265073 | H32: =C32/(1-$H$6) -> 220.5279 | J32: =(D32*$J$6) -> 12.708082 | K32: =(F32*$K$6) -> 14.120092
A33: External Stair | B33: 1.8m | C33: =External.!G32 -> 92.712358 | D33: =F33-(F33*10%) -> 238.47883 | E33: =(D33-C33)/D33 -> 0.61123442 | F33: 264.97647 | G33: =(F33-C33)/F33 -> 0.65011098 | H33: =C33/(1-$H$6) -> 257.53433 | J33: =(D33*$J$6) -> 14.30873 | K33: =(F33*$K$6) -> 15.898588
A34: External Stair | B34: 2.1m | C34: =External.!G33 -> 105.71201 | D34: =F34-(F34*10%) -> 272.21877 | E34: =(D34-C34)/D34 -> 0.61166527 | F34: 302.46531 | G34: =(F34-C34)/F34 -> 0.65049874 | H34: =C34/(1-$H$6) -> 293.64446 | J34: =(D34*$J$6) -> 16.333126 | K34: =(F34*$K$6) -> 18.147918
A35: External Stair | B35: 2.4m | C35: =External.!G34 -> 115.16232 | D35: =F35-(F35*10%) -> 299.60247 | E35: =(D35-C35)/D35 -> 0.61561624 | F35: 332.89164 | G35: =(F35-C35)/F35 -> 0.65405462 | H35: =C35/(1-$H$6) -> 319.89535 | J35: =(D35*$J$6) -> 17.976148 | K35: =(F35*$K$6) -> 19.973498

Sheet Attic Ladders
A1: Sell Prices as at June 2022 | J1: Freight
A4: Attic Ladders - (North Island)
A5: ITEM | B5: PRICE BREAK | C5: COST | D5: W/SALE PRICE | E5: GP% | F5: RETAIL PRICE | G5: GP% | H5: Desired GP% | J5: W/SALE FREIGHT | K5: RETAIL FREIGHT
H6: 0.6 | J6: 0.06 | K6: 0.06
A7: Attic Stairs | B7: 1-9 | C7: ='Attic Ladders. (2025)'!B14 -> 216.05273 | D7: 368 | E7: =(D7-C7)/D7 -> 0.41290019 | F7: 525 | G7: =(F7-C7)/F7 -> 0.58847099 | H7: =C7/(1-$H$6) -> 540.13183 | J7: =(D7*$J$6) -> 22.08 | K7: =(F7*$K$6) -> 31.5
A8: Attic Stairs | B8: 10+ | C8: ='Attic Ladders. (2025)'!B14 -> 216.05273 | D8: 328 | E8: =(D8-C8)/D8 -> 0.34130265 | F8: 525 | G8: =(F8-C8)/F8 -> 0.58847099 | H8: =C8/(1-$H$6) -> 540.13183 | J8: =(D8*$J$6) -> 19.68 | K8: =(F8*$K$6) -> 31.5
A10: Attic Ladders - (South Island)
A11: ITEM | B11: PRICE BREAK | C11: COST | D11: W/SALE PRICE | E11: GP% | F11: RETAIL PRICE | G11: GP% | H11: Desired GP% | J11: W/SALE FREIGHT | K11: RETAIL FREIGHT
H12: 0.6 | J12: 0.06 | K12: 0.06
A13: Attic Stairs | B13: 1-9 | C13: ='Attic Ladders. (2025)'!B14 -> 216.05273 | D13: 378.18 | E13: =(D13-C13)/D13 -> 0.42870398 | F13: 540.26 | G13: =(F13-C13)/F13 -> 0.6000949 | H13: =C13/(1-$H$6) -> 540.13183 | J13: =(D13*$J$6) -> 22.6908 | K13: =(F13*$K$6) -> 32.4156
A14: Attic Stairs | B14: 10+ | C14: ='Attic Ladders. (2025)'!B14 -> 216.05273 | D14: 338.18 | E14: =(D14-C14)/D14 -> 0.36113096 | F14: 540.26 | G14: =(F14-C14)/F14 -> 0.6000949 | H14: =C14/(1-$H$6) -> 540.13183 | J14: =(D14*$J$6) -> 20.2908 | K14: =(F14*$K$6) -> 32.4156
A16: Attic Ladders - (Greenland Homes)
A17: ITEM | B17: PRICE BREAK | C17: COST | D17: W/SALE PRICE | E17: GP% | F17: RETAIL PRICE | G17: GP% | H17: Desired GP% | J17: W/SALE FREIGHT | K17: RETAIL FREIGHT
H18: 0.6 | J18: 0.06 | K18: 0.06
A19: Attic Stairs | B19: 1 | C19: ='Attic Ladders. (2025)'!B14 -> 216.05273 | D19: 459 | E19: =(D19-C19)/D19 -> 0.52929688 | F19: 525 | G19: =(F19-C19)/F19 -> 0.58847099 | H19: =C19/(1-$H$6) -> 540.13183 | J19: =(D19*$J$6) -> 27.54 | K19: =(F19*$K$6) -> 31.5
A20: Attic Stairs | B20: 2-9 | C20: ='Attic Ladders. (2025)'!B14 -> 216.05273 | D20: 430 | E20: =(D20-C20)/D20 -> 0.49755179 | F20: 525 | G20: =(F20-C20)/F20 -> 0.58847099 | H20: =C20/(1-$H$6) -> 540.13183 | J20: =(D20*$J$6) -> 25.8 | K20: =(F20*$K$6) -> 31.5
A21: Attic Stairs | B21: 10+ | C21: ='Attic Ladders. (2025)'!B14 -> 216.05273 | D21: 398 | E21: =(D21-C21)/D21 -> 0.45715394 | F21: 525 | G21: =(F21-C21)/F21 -> 0.58847099 | H21: =C21/(1-$H$6) -> 540.13183 | J21: =(D21*$J$6) -> 23.88 | K21: =(F21*$K$6) -> 31.5

Sheet BPSC. (+ Ply)
A1: 250mm x 40mm - BPSC Stair Costing sheet | I1: 250mm x 40mm - BPSC with Ply Stair Costing sheet
A3: Up to 300mm | I3: Up to 300mm
A4: WIDTH | B4: STRINGER RATE (250x40) | C4: TREAD RATE (MDF) | D4: RISER RATE (MDF) | E4: Central CU (300x40) | F4: LABOUR (H/RATE) | G4: TOTAL COST (divided by Riser Rate) | I4: WIDTH | J4: STRINGER RATE (250x40) | K4: TREAD RATE (PLY) | L4: RISER RATE (PLY) | M4: Central CU (300x40) | N4: LABOUR (H/RATE) | O4: TOTAL COST (divided by Riser Rate)
B5: 10.1 | C5: 14 | D5: 15 | E5: 12.12 | F5: ='Labour Rate'!$C$7 -> 48.399917 | G5: 15 | J5: 10.1 | K5: 14 | L5: 15 | M5: 12.12 | N5: ='Labour Rate'!$C$7 -> 48.399917 | O5: 15
A6: 0.9m | B6: 11.4 | C6: 5.41 | D6: 1.97 | E6: 0 | F6: 2.6 | G6: =(($B$5*B6)+($C$5*C6)+($D$5*D6)+($E$5*E6)+($F$5*F6))/$G$5 -> 23.084652 | I6: 0.9m | J6: 11.4 | K6: 7.87 | L6: 3.52 | M6: 0 | N6: 2.6 | O6: =(($J$5*J6)+($K$5*K6)+($L$5*L6)+($M$5*M6)+($N$5*N6))/$O$5 -> 26.930652
A7: 1.0m | B7: 11.4 | C7: 6.77 | D7: 1.97 | E7: 0 | F7: 2.6 | G7: =(($B$5*B7)+($C$5*C7)+($D$5*D7)+($E$5*E7)+($F$5*F7))/$G$5 -> 24.353986 | I7: 1.0m | J7: 11.4 | K7: 9.84 | L7: 3.52 | M7: 0 | N7: 2.6 | O7: =(($J$5*J7)+($K$5*K7)+($L$5*L7)+($M$5*M7)+($N$5*N7))/$O$5 -> 28.769319
A8: 1.1m | B8: 11.4 | C8: 6.77 | D8: 2.3 | E8: 0 | F8: 2.6 | G8: =(($B$5*B8)+($C$5*C8)+($D$5*D8)+($E$5*E8)+($F$5*F8))/$G$5 -> 24.683986 | I8: 1.1m | J8: 11.4 | K8: 9.84 | L8: 4.11 | M8: 0 | N8: 2.6 | O8: =(($J$5*J8)+($K$5*K8)+($L$5*L8)+($M$5*M8)+($N$5*N8))/$O$5 -> 29.359319
A9: 1.2m | B9: 11.4 | C9: 6.77 | D9: 2.3 | E9: 0 | F9: 2.6 | G9: =(($B$5*B9)+($C$5*C9)+($D$5*D9)+($E$5*E9)+($F$5*F9))/$G$5 -> 24.683986 | I9: 1.2m | J9: 11.4 | K9: 9.84 | L9: 4.11 | M9: 0 | N9: 2.6 | O9: =(($J$5*J9)+($K$5*K9)+($L$5*L9)+($M$5*M9)+($N$5*N9))/$O$5 -> 29.359319
A10: 1.4m | B10: 11.4 | C10: 7.89 | D10: 2.69 | E10: 5.7 | F10: 3.3 | G10: =(($B$5*B10)+($C$5*C10)+($D$5*D10)+($E$5*E10)+($F$5*F10))/$G$5 -> 32.983582 | I10: 1.4m | J10: 11.4 | K10: 11.48 | L10: 4.79 | M10: 5.7 | N10: 3.3 | O10: =(($J$5*J10)+($K$5*K10)+($L$5*L10)+($M$5*M10)+($N$5*N10))/$O$5 -> 38.434248
A11: 1.6m | B11: 11.4 | C11: 9.02 | D11: 3.07 | E11: 5.7 | F11: 4.5 | G11: =(($B$5*B11)+($C$5*C11)+($D$5*D11)+($E$5*E11)+($F$5*F11))/$G$5 -> 38.290242 | I11: 1.6m | J11: 11.4 | K11: 13.12 | L11: 5.48 | M11: 5.7 | N11: 4.5 | O11: =(($J$5*J11)+($K$5*K11)+($L$5*L11)+($M$5*M11)+($N$5*N11))/$O$5 -> 44.526908
A12: 2.0m | B12: 11.4 | C12: 11.28 | D12: 3.84 | E12: 5.7 | F12: 5.7 | G12: =(($B$5*B12)+($C$5*C12)+($D$5*D12)+($E$5*E12)+($F$5*F12))/$G$5 -> 45.041568 | I12: 2.0m | J12: 11.4 | K12: 16.4 | L12: 6.85 | M12: 5.7 | N12: 5.7 | O12: =(($J$5*J12)+($K$5*K12)+($L$5*L12)+($M$5*M12)+($N$5*N12))/$O$5 -> 52.830235
A14: Over 300mm | I14: Over 300mm
A15: WIDTH | B15: STRINGER RATE (250x40) | C15: TREAD RATE (MDF) | D15: RISER RATE (MDF) | E15: Central CU (300x40) | F15: LABOUR (H/RATE) | G15: TOTAL COST (divided by Riser Rate) | I15: WIDTH | J15: STRINGER RATE (250x40) | K15: TREAD RATE (PLY) | L15: RISER RATE (PLY) | M15: Central CU (300x40) | N15: LABOUR (H/RATE) | O15: TOTAL COST (divided by Riser Rate)
B16: 10.1 | C16: 14 | D16: 15 | E16: 12.12 | F16: ='Labour Rate'!$C$7 -> 48.399917 | G16: 15 | J16: 10.1 | K16: 14 | L16: 15 | M16: 12.12 | N16: ='Labour Rate'!$C$7 -> 48.399917 | O16: 15
A17: 0.9m | B17: 11.4 | C17: 7.73 | D17: 1.97 | E17: 0 | F17: 2.6 | G17: =(($B$16*B17)+($C$16*C17)+($D$16*D17)+($E$16*E17)+($F$16*F17))/$G$16 -> 25.249986 | I17: 0.9m | J17: 11.4 | K17: 11.24 | L17: 3.52 | M17: 0 | N17: 2.6 | O17: =(($J$16*J17)+($K$16*K17)+($L$16*L17)+($M$16*M17)+($N$16*N17))/$O$16 -> 30.075986
A18: 1.0m | B18: 11.4 | C18: 7.73 | D18: 1.97 | E18: 0 | F18: 2.6 | G18: =(($B$16*B18)+($C$16*C18)+($D$16*D18)+($E$16*E18)+($F$16*F18))/$G$16 -> 25.249986 | I18: 1.0m | J18: 11.4 | K18: 11.24 | L18: 3.52 | M18: 0 | N18: 2.6 | O18: =(($J$16*J18)+($K$16*K18)+($L$16*L18)+($M$16*M18)+($N$16*N18))/$O$16 -> 30.075986
A19: 1.1m | B19: 11.4 | C19: 7.73 | D19: 2.3 | E19: 0 | F19: 2.6 | G19: =(($B$16*B19)+($C$16*C19)+($D$16*D19)+($E$16*E19)+($F$16*F19))/$G$16 -> 25.579986 | I19: 1.1m | J19: 11.4 | K19: 11.24 | L19: 4.11 | M19: 0 | N19: 2.6 | O19: =(($J$16*J19)+($K$16*K19)+($L$16*L19)+($M$16*M19)+($N$16*N19))/$O$16 -> 30.665986
A20: 1.2m | B20: 11.4 | C20: 7.73 | D20: 2.3 | E20: 0 | F20: 2.6 | G20: =(($B$16*B20)+($C$16*C20)+($D$16*D20)+($E$16*E20)+($F$16*F20))/$G$16 -> 25.579986 | I20: 1.2m | J20: 11.4 | K20: 11.24 | L20: 4.11 | M20: 0 | N20: 2.6 | O20: =(($J$16*J20)+($K$16*K20)+($L$16*L20)+($M$16*M20)+($N$16*N20))/$O$16 -> 30.665986
A21: 1.4m | B21: 11.4 | C21: 10.53 | D21: 2.69 | E21: 5.7 | F21: 3.3 | G21: =(($B$16*B21)+($C$16*C21)+($D$16*D21)+($E$16*E21)+($F$16*F21))/$G$16 -> 35.447582 | I21: 1.4m | J21: 11.4 | K21: 15.3 | L21: 4.79 | M21: 5.7 | N21: 3.3 | O21: =(($J$16*J21)+($K$16*K21)+($L$16*L21)+($M$16*M21)+($N$16*N21))/$O$16 -> 41.999582
A22: 1.6m | B22: 11.4 | C22: 12.03 | D22: 3.07 | E22: 5.7 | F22: 4.5 | G22: =(($B$16*B22)+($C$16*C22)+($D$16*D22)+($E$16*E22)+($F$16*F22))/$G$16 -> 41.099575 | I22: 1.6m | J22: 11.4 | K22: 17.49 | L22: 5.48 | M22: 5.7 | N22: 4.5 | O22: =(($J$16*J22)+($K$16*K22)+($L$16*L22)+($M$16*M22)+($N$16*N22))/$O$16 -> 48.605575
A23: 2.0m | B23: 11.4 | C23: 15.04 | D23: 3.84 | E23: 5.7 | F23: 5.7 | G23: =(($B$16*B23)+($C$16*C23)+($D$16*D23)+($E$16*E23)+($F$16*F23))/$G$16 -> 48.550902 | I23: 2.0m | J23: 11.4 | K23: 21.86 | L23: 6.85 | M23: 5.7 | N23: 5.7 | O23: =(($J$16*J23)+($K$16*K23)+($L$16*L23)+($M$16*M23)+($N$16*N23))/$O$16 -> 57.926235
A26: 300mm x 40mm - BPSC Stair Costing sheet | I26: 300mm x 40mm - BPSC with Ply Stair Costing sheet
A28: Up to 300mm | I28: Up to 300mm
A29: WIDTH | B29: STRINGER RATE (300x40) | C29: TREAD RATE (MDF) | D29: RISER RATE (MDF) | E29: Central CU (300x40) | F29: LABOUR (H/RATE) | G29: TOTAL COST (divided by Riser Rate) | I29: WIDTH | J29: STRINGER RATE (300x40) | K29: TREAD RATE (PLY) | L29: RISER RATE (PLY) | M29: Central CU (300x40) | N29: LABOUR (H/RATE) | O29: TOTAL COST (divided by Riser Rate)
B30: 12.16 | C30: 14 | D30: 15 | E30: 12.12 | F30: ='Labour Rate'!$C$7 -> 48.399917 | G30: 15 | J30: 12.16 | K30: 14 | L30: 15 | M30: 12.12 | N30: ='Labour Rate'!$C$7 -> 48.399917 | O30: 15
A31: 0.9m | B31: 11.4 | C31: 5.41 | D31: 1.97 | E31: 0 | F31: 2.6 | G31: =(($B$30*B31)+($C$30*C31)+($D$30*D31)+($E$30*E31)+($F$30*F31))/$G$30 -> 24.650252 | I31: 0.9m | J31: 11.4 | K31: 7.87 | L31: 3.52 | M31: 0 | N31: 2.6 | O31: =(($J$30*J31)+($K$30*K31)+($L$30*L31)+($M$30*M31)+($N$30*N31))/$O$30 -> 28.496252
A32: 1.0m | B32: 11.4 | C32: 6.77 | D32: 1.97 | E32: 0 | F32: 2.6 | G32: =(($B$30*B32)+($C$30*C32)+($D$30*D32)+($E$30*E32)+($F$30*F32))/$G$30 -> 25.919586 | I32: 1.0m | J32: 11.4 | K32: 9.84 | L32: 3.52 | M32: 0 | N32: 2.6 | O32: =(($J$30*J32)+($K$30*K32)+($L$30*L32)+($M$30*M32)+($N$30*N32))/$O$30 -> 30.334919
A33: 1.1m | B33: 11.4 | C33: 6.77 | D33: 2.3 | E33: 0 | F33: 2.6 | G33: =(($B$30*B33)+($C$30*C33)+($D$30*D33)+($E$30*E33)+($F$30*F33))/$G$30 -> 26.249586 | I33: 1.1m | J33: 11.4 | K33: 9.84 | L33: 4.11 | M33: 0 | N33: 2.6 | O33: =(($J$30*J33)+($K$30*K33)+($L$30*L33)+($M$30*M33)+($N$30*N33))/$O$30 -> 30.924919
A34: 1.2m | B34: 11.4 | C34: 6.77 | D34: 2.3 | E34: 0 | F34: 2.6 | G34: =(($B$30*B34)+($C$30*C34)+($D$30*D34)+($E$30*E34)+($F$30*F34))/$G$30 -> 26.249586 | I34: 1.2m | J34: 11.4 | K34: 9.84 | L34: 4.11 | M34: 0 | N34: 2.6 | O34: =(($J$30*J34)+($K$30*K34)+($L$30*L34)+($M$30*M34)+($N$30*N34))/$O$30 -> 30.924919
A35: 1.4m | B35: 11.4 | C35: 7.89 | D35: 2.69 | E35: 5.7 | F35: 3.3 | G35: =(($B$30*B35)+($C$30*C35)+($D$30*D35)+($E$30*E35)+($F$30*F35))/$G$30 -> 34.549182 | I35: 1.4m | J35: 11.4 | K35: 11.48 | L35: 4.79 | M35: 5.7 | N35: 3.3 | O35: =(($J$30*J35)+($K$30*K35)+($L$30*L35)+($M$30*M35)+($N$30*N35))/$O$30 -> 39.999848
A36: 1.6m | B36: 11.4 | C36: 9.02 | D36: 3.07 | E36: 5.7 | F36: 4.5 | G36: =(($B$30*B36)+($C$30*C36)+($D$30*D36)+($E$30*E36)+($F$30*F36))/$G$30 -> 39.855842 | I36: 1.6m | J36: 11.4 | K36: 13.12 | L36: 5.48 | M36: 5.7 | N36: 4.5 | O36: =(($J$30*J36)+($K$30*K36)+($L$30*L36)+($M$30*M36)+($N$30*N36))/$O$30 -> 46.092508
A37: 2.0m | B37: 11.4 | C37: 11.28 | D37: 3.84 | E37: 5.7 | F37: 5.7 | G37: =(($B$30*B37)+($C$30*C37)+($D$30*D37)+($E$30*E37)+($F$30*F37))/$G$30 -> 46.607168 | I37: 2.0m | J37: 11.4 | K37: 16.4 | L37: 6.85 | M37: 5.7 | N37: 5.7 | O37: =(($J$30*J37)+($K$30*K37)+($L$30*L37)+($M$30*M37)+($N$30*N37))/$O$30 -> 54.395835
A39: Over 300mm | I39: Over 300mm
A40: WIDTH | B40: STRINGER RATE (300x40) | C40: TREAD RATE (MDF) | D40: RISER RATE (MDF) | E40: Central CU (300x40) | F40: LABOUR (H/RATE) | G40: TOTAL COST (divided by Riser Rate) | I40: WIDTH | J40: STRINGER RATE (300x40) | K40: TREAD RATE (PLY) | L40: RISER RATE (PLY) | M40: Central CU (300x40) | N40: LABOUR (H/RATE) | O40: TOTAL COST (divided by Riser Rate)
B41: 12.16 | C41: 14 | D41: 15 | E41: 12.12 | F41: ='Labour Rate'!$C$7 -> 48.399917 | G41: 15 | J41: 12.16 | K41: 14 | L41: 15 | M41: 12.12 | N41: ='Labour Rate'!$C$7 -> 48.399917 | O41: 15
A42: 0.9m | B42: 11.4 | C42: 7.73 | D42: 1.97 | E42: 0 | F42: 2.6 | G42: =(($B$41*B42)+($C$41*C42)+($D$41*D42)+($E$41*E42)+($F$41*F42))/$G$41 -> 26.815586 | I42: 0.9m | J42: 11.4 | K42: 11.24 | L42: 3.52 | M42: 0 | N42: 2.6 | O42: =(($J$41*J42)+($K$41*K42)+($L$41*L42)+($M$41*M42)+($N$41*N42))/$O$41 -> 31.641586
A43: 1.0m | B43: 11.4 | C43: 7.73 | D43: 1.97 | E43: 0 | F43: 2.6 | G43: =(($B$41*B43)+($C$41*C43)+($D$41*D43)+($E$41*E43)+($F$41*F43))/$G$41 -> 26.815586 | I43: 1.0m | J43: 11.4 | K43: 11.24 | L43: 3.52 | M43: 0 | N43: 2.6 | O43: =(($J$41*J43)+($K$41*K43)+($L$41*L43)+($M$41*M43)+($N$41*N43))/$O$41 -> 31.641586
A44: 1.1m | B44: 11.4 | C44: 7.73 | D44: 2.3 | E44: 0 | F44: 2.6 | G44: =(($B$41*B44)+($C$41*C44)+($D$41*D44)+($E$41*E44)+($F$41*F44))/$G$41 -> 27.145586 | I44: 1.1m | J44: 11.4 | K44: 11.24 | L44: 4.11 | M44: 0 | N44: 2.6 | O44: =(($J$41*J44)+($K$41*K44)+($L$41*L44)+($M$41*M44)+($N$41*N44))/$O$41 -> 32.231586
A45: 1.2m | B45: 11.4 | C45: 7.73 | D45: 2.3 | E45: 0 | F45: 2.6 | G45: =(($B$41*B45)+($C$41*C45)+($D$41*D45)+($E$41*E45)+($F$41*F45))/$G$41 -> 27.145586 | I45: 1.2m | J45: 11.4 | K45: 11.24 | L45: 4.11 | M45: 0 | N45: 2.6 | O45: =(($J$41*J45)+($K$41*K45)+($L$41*L45)+($M$41*M45)+($N$41*N45))/$O$41 -> 32.231586
A46: 1.4m | B46: 11.4 | C46: 10.53 | D46: 2.69 | E46: 5.7 | F46: 3.3 | G46: =(($B$41*B46)+($C$41*C46)+($D$41*D46)+($E$41*E46)+($F$41*F46))/$G$41 -> 37.013182 | I46: 1.4m | J46: 11.4 | K46: 15.3 | L46: 4.79 | M46: 5.7 | N46: 3.3 | O46: =(($J$41*J46)+($K$41*K46)+($L$41*L46)+($M$41*M46)+($N$41*N46))/$O$41 -> 43.565182
A47: 1.6m | B47: 11.4 | C47: 12.03 | D47: 3.07 | E47: 5.7 | F47: 4.5 | G47: =(($B$41*B47)+($C$41*C47)+($D$41*D47)+($E$41*E47)+($F$41*F47))/$G$41 -> 42.665175 | I47: 1.6m | J47: 11.4 | K47: 17.49 | L47: 5.48 | M47: 5.7 | N47: 4.5 | O47: =(($J$41*J47)+($K$41*K47)+($L$41*L47)+($M$41*M47)+($N$41*N47))/$O$41 -> 50.171175
A48: 2.0m | B48: 11.4 | C48: 15.04 | D48: 3.84 | E48: 5.7 | F48: 5.7 | G48: =(($B$41*B48)+($C$41*C48)+($D$41*D48)+($E$41*E48)+($F$41*F48))/$G$41 -> 50.116502 | I48: 2.0m | J48: 11.4 | K48: 21.86 | L48: 6.85 | M48: 5.7 | N48: 5.7 | O48: =(($J$41*J48)+($K$41*K48)+($L$41*L48)+($M$41*M48)+($N$41*N48))/$O$41 -> 59.491835
A51: 300mm x 50mm - BPSC Stair Costing sheet | I51: 300mm x 50mm - BPSC with Ply Stair Costing sheet
A53: Up to 300mm | I53: Up to 300mm
A54: WIDTH | B54: STRINGER RATE (300x50) | C54: TREAD RATE (MDF) | D54: RISER RATE (MDF) | E54: Central CU (300x50) | F54: LABOUR (H/RATE) | G54: TOTAL COST (divided by Riser Rate) | I54: WIDTH | J54: STRINGER RATE (300x50) | K54: TREAD RATE (PLY) | L54: RISER RATE (PLY) | M54: Central CU (300x50) | N54: LABOUR (H/RATE) | O54: TOTAL COST (divided by Riser Rate)
B55: 15.14 | C55: 14 | D55: 15 | E55: 15.14 | F55: ='Labour Rate'!$C$7 -> 48.399917 | G55: 15 | J55: 15.14 | K55: 14 | L55: 15 | M55: 15.14 | N55: ='Labour Rate'!$C$7 -> 48.399917 | O55: 15
A56: 0.9m | B56: 11.4 | C56: 5.41 | D56: 1.97 | E56: 0 | F56: 2.6 | G56: =(($B$55*B56)+($C$55*C56)+($D$55*D56)+($E$55*E56)+($F$55*F56))/$G$55 -> 26.915052 | I56: 0.9m | J56: 11.4 | K56: 7.87 | L56: 3.52 | M56: 0 | N56: 2.6 | O56: =(($J$55*J56)+($K$55*K56)+($L$55*L56)+($M$55*M56)+($N$55*N56))/$O$55 -> 30.761052
A57: 1.0m | B57: 11.4 | C57: 6.77 | D57: 1.97 | E57: 0 | F57: 2.6 | G57: =(($B$55*B57)+($C$55*C57)+($D$55*D57)+($E$55*E57)+($F$55*F57))/$G$55 -> 28.184386 | I57: 1.0m | J57: 11.4 | K57: 9.84 | L57: 3.52 | M57: 0 | N57: 2.6 | O57: =(($J$55*J57)+($K$55*K57)+($L$55*L57)+($M$55*M57)+($N$55*N57))/$O$55 -> 32.599719
A58: 1.1m | B58: 11.4 | C58: 6.77 | D58: 2.3 | E58: 0 | F58: 2.6 | G58: =(($B$55*B58)+($C$55*C58)+($D$55*D58)+($E$55*E58)+($F$55*F58))/$G$55 -> 28.514386 | I58: 1.1m | J58: 11.4 | K58: 9.84 | L58: 4.11 | M58: 0 | N58: 2.6 | O58: =(($J$55*J58)+($K$55*K58)+($L$55*L58)+($M$55*M58)+($N$55*N58))/$O$55 -> 33.189719
A59: 1.2m | B59: 11.4 | C59: 6.77 | D59: 2.3 | E59: 0 | F59: 2.6 | G59: =(($B$55*B59)+($C$55*C59)+($D$55*D59)+($E$55*E59)+($F$55*F59))/$G$55 -> 28.514386 | I59: 1.2m | J59: 11.4 | K59: 9.84 | L59: 4.11 | M59: 0 | N59: 2.6 | O59: =(($J$55*J59)+($K$55*K59)+($L$55*L59)+($M$55*M59)+($N$55*N59))/$O$55 -> 33.189719
A60: 1.4m | B60: 11.4 | C60: 7.89 | D60: 2.69 | E60: 5.7 | F60: 3.3 | G60: =(($B$55*B60)+($C$55*C60)+($D$55*D60)+($E$55*E60)+($F$55*F60))/$G$55 -> 37.961582 | I60: 1.4m | J60: 11.4 | K60: 11.48 | L60: 4.79 | M60: 5.7 | N60: 3.3 | O60: =(($J$55*J60)+($K$55*K60)+($L$55*L60)+($M$55*M60)+($N$55*N60))/$O$55 -> 43.412248
A61: 1.6m | B61: 11.4 | C61: 9.02 | D61: 3.07 | E61: 5.7 | F61: 4.5 | G61: =(($B$55*B61)+($C$55*C61)+($D$55*D61)+($E$55*E61)+($F$55*F61))/$G$55 -> 43.268242 | I61: 1.6m | J61: 11.4 | K61: 13.12 | L61: 5.48 | M61: 5.7 | N61: 4.5 | O61: =(($J$55*J61)+($K$55*K61)+($L$55*L61)+($M$55*M61)+($N$55*N61))/$O$55 -> 49.504908
A62: 2.0m | B62: 11.4 | C62: 11.28 | D62: 3.84 | E62: 5.7 | F62: 5.7 | G62: =(($B$55*B62)+($C$55*C62)+($D$55*D62)+($E$55*E62)+($F$55*F62))/$G$55 -> 50.019568 | I62: 2.0m | J62: 11.4 | K62: 16.4 | L62: 6.85 | M62: 5.7 | N62: 5.7 | O62: =(($J$55*J62)+($K$55*K62)+($L$55*L62)+($M$55*M62)+($N$55*N62))/$O$55 -> 57.808235
A64: Over 300mm | I64: Over 300mm
A65: WIDTH | B65: STRINGER RATE (300x50) | C65: TREAD RATE (MDF) | D65: RISER RATE (MDF) | E65: Central CU (300x50) | F65: LABOUR (H/RATE) | G65: TOTAL COST (divided by Riser Rate) | I65: WIDTH | J65: STRINGER RATE (300x50) | K65: TREAD RATE (PLY) | L65: RISER RATE (PLY) | M65: Central CU (300x50) | N65: LABOUR (H/RATE) | O65: TOTAL COST (divided by Riser Rate)
B66: 15.14 | C66: 14 | D66: 15 | E66: 15.14 | F66: ='Labour Rate'!$C$7 -> 48.399917 | G66: 15 | J66: 15.14 | K66: 14 | L66: 15 | M66: 15.14 | N66: ='Labour Rate'!$C$7 -> 48.399917 | O66: 15
A67: 0.9m | B67: 11.4 | C67: 7.73 | D67: 1.97 | E67: 0 | F67: 2.6 | G67: =(($B$66*B67)+($C$66*C67)+($D$66*D67)+($E$66*E67)+($F$66*F67))/$G$66 -> 29.080386 | I67: 0.9m | J67: 11.4 | K67: 11.24 | L67: 3.52 | M67: 0 | N67: 2.6 | O67: =(($J$66*J67)+($K$66*K67)+($L$66*L67)+($M$66*M67)+($N$66*N67))/$O$66 -> 33.906386
A68: 1.0m | B68: 11.4 | C68: 7.73 | D68: 1.97 | E68: 0 | F68: 2.6 | G68: =(($B$66*B68)+($C$66*C68)+($D$66*D68)+($E$66*E68)+($F$66*F68))/$G$66 -> 29.080386 | I68: 1.0m | J68: 11.4 | K68: 11.24 | L68: 3.52 | M68: 0 | N68: 2.6 | O68: =(($J$66*J68)+($K$66*K68)+($L$66*L68)+($M$66*M68)+($N$66*N68))/$O$66 -> 33.906386
A69: 1.1m | B69: 11.4 | C69: 7.73 | D69: 2.3 | E69: 0 | F69: 2.6 | G69: =(($B$66*B69)+($C$66*C69)+($D$66*D69)+($E$66*E69)+($F$66*F69))/$G$66 -> 29.410386 | I69: 1.1m | J69: 11.4 | K69: 11.24 | L69: 4.11 | M69: 0 | N69: 2.6 | O69: =(($J$66*J69)+($K$66*K69)+($L$66*L69)+($M$66*M69)+($N$66*N69))/$O$66 -> 34.496386
A70: 1.2m | B70: 11.4 | C70: 7.73 | D70: 2.3 | E70: 0 | F70: 2.6 | G70: =(($B$66*B70)+($C$66*C70)+($D$66*D70)+($E$66*E70)+($F$66*F70))/$G$66 -> 29.410386 | I70: 1.2m | J70: 11.4 | K70: 11.24 | L70: 4.11 | M70: 0 | N70: 2.6 | O70: =(($J$66*J70)+($K$66*K70)+($L$66*L70)+($M$66*M70)+($N$66*N70))/$O$66 -> 34.496386
A71: 1.4m | B71: 11.4 | C71: 10.53 | D71: 2.69 | E71: 5.7 | F71: 3.3 | G71: =(($B$66*B71)+($C$66*C71)+($D$66*D71)+($E$66*E71)+($F$66*F71))/$G$66 -> 40.425582 | I71: 1.4m | J71: 11.4 | K71: 15.3 | L71: 4.79 | M71: 5.7 | N71: 3.3 | O71: =(($J$66*J71)+($K$66*K71)+($L$66*L71)+($M$66*M71)+($N$66*N71))/$O$66 -> 46.977582
A72: 1.6m | B72: 11.4 | C72: 12.03 | D72: 3.07 | E72: 5.7 | F72: 4.5 | G72: =(($B$66*B72)+($C$66*C72)+($D$66*D72)+($E$66*E72)+($F$66*F72))/$G$66 -> 46.077575 | I72: 1.6m | J72: 11.4 | K72: 17.49 | L72: 5.48 | M72: 5.7 | N72: 4.5 | O72: =(($J$66*J72)+($K$66*K72)+($L$66*L72)+($M$66*M72)+($N$66*N72))/$O$66 -> 53.583575
A73: 2.0m | B73: 11.4 | C73: 15.04 | D73: 3.84 | E73: 5.7 | F73: 5.7 | G73: =(($B$66*B73)+($C$66*C73)+($D$66*D73)+($E$66*E73)+($F$66*F73))/$G$66 -> 53.528902 | I73: 2.0m | J73: 11.4 | K73: 21.86 | L73: 6.85 | M73: 5.7 | N73: 5.7 | O73: =(($J$66*J73)+($K$66*K73)+($L$66*L73)+($M$66*M73)+($N$66*N73))/$O$66 -> 62.904235
A76: 300mm x 40mm CUT-UNDER - BPSC Stair Costing sheet | I76: 300mm x 40mm CUT-UNDER - BPSC with Ply Stair Costing sheet
A78: Up to 300mm | I78: Up to 300mm
A79: WIDTH | B79: STRINGER RATE (300x40) | C79: TREAD RATE (MDF) | D79: RISER RATE (MDF) | E79: Central CU (300x40) | F79: LABOUR (H/RATE) | G79: TOTAL COST (divided by Riser Rate) | I79: WIDTH | J79: STRINGER RATE (300x40) | K79: TREAD RATE (PLY) | L79: RISER RATE (PLY) | M79: Central CU (300x40) | N79: LABOUR (H/RATE) | O79: TOTAL COST (divided by Riser Rate)
B80: 12.16 | C80: 14 | D80: 15 | E80: 12.16 | F80: ='Labour Rate'!$C$7 -> 48.399917 | G80: 15 | J80: 12.16 | K80: 14 | L80: 15 | M80: 12.16 | N80: ='Labour Rate'!$C$7 -> 48.399917 | O80: 15
A81: 0.9m | B81: 11.4 | C81: 5.41 | D81: 1.97 | E81: 0 | F81: 3.1 | G81: =(($B$80*B81)+($C$80*C81)+($D$80*D81)+($E$80*E81)+($F$80*F81))/$G$80 -> 26.263583 | I81: 0.9m | J81: 11.4 | K81: 7.87 | L81: 3.52 | M81: 0 | N81: 3.1 | O81: =(($J$80*J81)+($K$80*K81)+($L$80*L81)+($M$80*M81)+($N$80*N81))/$O$80 -> 30.109583
A82: 1.0m | B82: 11.4 | C82: 6.77 | D82: 1.97 | E82: 0 | F82: 3.1 | G82: =(($B$80*B82)+($C$80*C82)+($D$80*D82)+($E$80*E82)+($F$80*F82))/$G$80 -> 27.532916 | I82: 1.0m | J82: 11.4 | K82: 9.84 | L82: 3.52 | M82: 0 | N82: 3.1 | O82: =(($J$80*J82)+($K$80*K82)+($L$80*L82)+($M$80*M82)+($N$80*N82))/$O$80 -> 31.948249
A83: 1.1m | B83: 11.4 | C83: 6.77 | D83: 2.3 | E83: 0 | F83: 3.1 | G83: =(($B$80*B83)+($C$80*C83)+($D$80*D83)+($E$80*E83)+($F$80*F83))/$G$80 -> 27.862916 | I83: 1.1m | J83: 11.4 | K83: 9.84 | L83: 4.11 | M83: 0 | N83: 3.1 | O83: =(($J$80*J83)+($K$80*K83)+($L$80*L83)+($M$80*M83)+($N$80*N83))/$O$80 -> 32.538249
A84: 1.2m | B84: 11.4 | C84: 6.77 | D84: 2.3 | E84: 0 | F84: 3.1 | G84: =(($B$80*B84)+($C$80*C84)+($D$80*D84)+($E$80*E84)+($F$80*F84))/$G$80 -> 27.862916 | I84: 1.2m | J84: 11.4 | K84: 9.84 | L84: 4.11 | M84: 0 | N84: 3.1 | O84: =(($J$80*J84)+($K$80*K84)+($L$80*L84)+($M$80*M84)+($N$80*N84))/$O$80 -> 32.538249
A85: 1.4m | B85: 11.4 | C85: 7.89 | D85: 2.69 | E85: 5.7 | F85: 3.8 | G85: =(($B$80*B85)+($C$80*C85)+($D$80*D85)+($E$80*E85)+($F$80*F85))/$G$80 -> 36.177712 | I85: 1.4m | J85: 11.4 | K85: 11.48 | L85: 4.79 | M85: 5.7 | N85: 3.8 | O85: =(($J$80*J85)+($K$80*K85)+($L$80*L85)+($M$80*M85)+($N$80*N85))/$O$80 -> 41.628379
A86: 1.6m | B86: 11.4 | C86: 9.02 | D86: 3.07 | E86: 5.7 | F86: 5 | G86: =(($B$80*B86)+($C$80*C86)+($D$80*D86)+($E$80*E86)+($F$80*F86))/$G$80 -> 41.484372 | I86: 1.6m | J86: 11.4 | K86: 13.12 | L86: 5.48 | M86: 5.7 | N86: 5 | O86: =(($J$80*J86)+($K$80*K86)+($L$80*L86)+($M$80*M86)+($N$80*N86))/$O$80 -> 47.721039
A87: 2.0m | B87: 11.4 | C87: 11.28 | D87: 3.84 | E87: 5.7 | F87: 6.2 | G87: =(($B$80*B87)+($C$80*C87)+($D$80*D87)+($E$80*E87)+($F$80*F87))/$G$80 -> 48.235699 | I87: 2.0m | J87: 11.4 | K87: 16.4 | L87: 6.85 | M87: 5.7 | N87: 6.2 | O87: =(($J$80*J87)+($K$80*K87)+($L$80*L87)+($M$80*M87)+($N$80*N87))/$O$80 -> 56.024366
A89: Over 300mm | I89: Over 300mm
A90: WIDTH | B90: STRINGER RATE (300x40) | C90: TREAD RATE (MDF) | D90: RISER RATE (MDF) | E90: Central CU (300x40) | F90: LABOUR (H/RATE) | G90: TOTAL COST (divided by Riser Rate) | I90: WIDTH | J90: STRINGER RATE (300x40) | K90: TREAD RATE (PLY) | L90: RISER RATE (PLY) | M90: Central CU (300x40) | N90: LABOUR (H/RATE) | O90: TOTAL COST (divided by Riser Rate)
B91: 12.16 | C91: 14 | D91: 15 | E91: 12.16 | F91: ='Labour Rate'!$C$7 -> 48.399917 | G91: 15 | J91: 12.16 | K91: 14 | L91: 15 | M91: 12.16 | N91: ='Labour Rate'!$C$7 -> 48.399917 | O91: 15
A92: 0.9m | B92: 11.4 | C92: 7.73 | D92: 1.97 | E92: 0 | F92: 3.1 | G92: =(($B$91*B92)+($C$91*C92)+($D$91*D92)+($E$91*E92)+($F$91*F92))/$G$91 -> 28.428916 | I92: 0.9m | J92: 11.4 | K92: 11.24 | L92: 3.52 | M92: 0 | N92: 3.1 | O92: =(($J$91*J92)+($K$91*K92)+($L$91*L92)+($M$91*M92)+($N$91*N92))/$O$91 -> 33.254916
A93: 1.0m | B93: 11.4 | C93: 7.73 | D93: 1.97 | E93: 0 | F93: 3.1 | G93: =(($B$91*B93)+($C$91*C93)+($D$91*D93)+($E$91*E93)+($F$91*F93))/$G$91 -> 28.428916 | I93: 1.0m | J93: 11.4 | K93: 11.24 | L93: 3.52 | M93: 0 | N93: 3.1 | O93: =(($J$91*J93)+($K$91*K93)+($L$91*L93)+($M$91*M93)+($N$91*N93))/$O$91 -> 33.254916
A94: 1.1m | B94: 11.4 | C94: 7.73 | D94: 2.3 | E94: 0 | F94: 3.1 | G94: =(($B$91*B94)+($C$91*C94)+($D$91*D94)+($E$91*E94)+($F$91*F94))/$G$91 -> 28.758916 | I94: 1.1m | J94: 11.4 | K94: 11.24 | L94: 4.11 | M94: 0 | N94: 3.1 | O94: =(($J$91*J94)+($K$91*K94)+($L$91*L94)+($M$91*M94)+($N$91*N94))/$O$91 -> 33.844916
A95: 1.2m | B95: 11.4 | C95: 7.73 | D95: 2.3 | E95: 0 | F95: 3.1 | G95: =(($B$91*B95)+($C$91*C95)+($D$91*D95)+($E$91*E95)+($F$91*F95))/$G$91 -> 28.758916 | I95: 1.2m | J95: 11.4 | K95: 11.24 | L95: 4.11 | M95: 0 | N95: 3.1 | O95: =(($J$91*J95)+($K$91*K95)+($L$91*L95)+($M$91*M95)+($N$91*N95))/$O$91 -> 33.844916
A96: 1.4m | B96: 11.4 | C96: 10.53 | D96: 2.69 | E96: 5.7 | F96: 3.8 | G96: =(($B$91*B96)+($C$91*C96)+($D$91*D96)+($E$91*E96)+($F$91*F96))/$G$91 -> 38.641712 | I96: 1.4m | J96: 11.4 | K96: 15.3 | L96: 4.79 | M96: 5.7 | N96: 3.8 | O96: =(($J$91*J96)+($K$91*K96)+($L$91*L96)+($M$91*M96)+($N$91*N96))/$O$91 -> 45.193712
A97: 1.6m | B97: 11.4 | C97: 12.03 | D97: 3.07 | E97: 5.7 | F97: 5 | G97: =(($B$91*B97)+($C$91*C97)+($D$91*D97)+($E$91*E97)+($F$91*F97))/$G$91 -> 44.293706 | I97: 1.6m | J97: 11.4 | K97: 17.49 | L97: 5.48 | M97: 5.7 | N97: 5 | O97: =(($J$91*J97)+($K$91*K97)+($L$91*L97)+($M$91*M97)+($N$91*N97))/$O$91 -> 51.799706
A98: 2.0m | B98: 11.4 | C98: 15.04 | D98: 3.84 | E98: 5.7 | F98: 6.2 | G98: =(($B$91*B98)+($C$91*C98)+($D$91*D98)+($E$91*E98)+($F$91*F98))/$G$91 -> 51.745032 | I98: 2.0m | J98: 11.4 | K98: 21.86 | L98: 6.85 | M98: 5.7 | N98: 6.2 | O98: =(($J$91*J98)+($K$91*K98)+($L$91*L98)+($M$91*M98)+($N$91*N98))/$O$91 -> 61.120366
A101: 300mm x 50mm CUT-UNDER - BPSC Stair Costing sheet | I101: 300mm x 50mm CUT-UNDER - BPSC with Ply Stair Costing sheet
A103: Up to 300mm | I103: Up to 300mm
A104: WIDTH | B104: STRINGER RATE (300x50) | C104: TREAD RATE (MDF) | D104: RISER RATE (MDF) | E104: Central CU (300x50) | F104: LABOUR (H/RATE) | G104: TOTAL COST (divided by Riser Rate) | I104: WIDTH | J104: STRINGER RATE (300x50) | K104: TREAD RATE (PLY) | L104: RISER RATE (PLY) | M104: Central CU (300x50) | N104: LABOUR (H/RATE) | O104: TOTAL COST (divided by Riser Rate)
B105: 15.14 | C105: 14 | D105: 15 | E105: 15.14 | F105: ='Labour Rate'!$C$7 -> 48.399917 | G105: 15 | J105: 15.14 | K105: 14 | L105: 15 | M105: 15.14 | N105: ='Labour Rate'!$C$7 -> 48.399917 | O105: 15
A106: 0.9m | B106: 11.4 | C106: 5.41 | D106: 1.97 | E106: 0 | F106: 3.1 | G106: =(($B$105*B106)+($C$105*C106)+($D$105*D106)+($E$105*E106)+($F$105*F106))/$G$105 -> 28.528383 | I106: 0.9m | J106: 11.4 | K106: 7.87 | L106: 3.52 | M106: 0 | N106: 3.1 | O106: =(($J$105*J106)+($K$105*K106)+($L$105*L106)+($M$105*M106)+($N$105*N106))/$O$105 -> 32.374383
A107: 1.0m | B107: 11.4 | C107: 6.77 | D107: 1.97 | E107: 0 | F107: 3.1 | G107: =(($B$105*B107)+($C$105*C107)+($D$105*D107)+($E$105*E107)+($F$105*F107))/$G$105 -> 29.797716 | I107: 1.0m | J107: 11.4 | K107: 9.84 | L107: 3.52 | M107: 0 | N107: 3.1 | O107: =(($J$105*J107)+($K$105*K107)+($L$105*L107)+($M$105*M107)+($N$105*N107))/$O$105 -> 34.213049
A108: 1.1m | B108: 11.4 | C108: 6.77 | D108: 2.3 | E108: 0 | F108: 3.1 | G108: =(($B$105*B108)+($C$105*C108)+($D$105*D108)+($E$105*E108)+($F$105*F108))/$G$105 -> 30.127716 | I108: 1.1m | J108: 11.4 | K108: 9.84 | L108: 4.11 | M108: 0 | N108: 3.1 | O108: =(($J$105*J108)+($K$105*K108)+($L$105*L108)+($M$105*M108)+($N$105*N108))/$O$105 -> 34.803049
A109: 1.2m | B109: 11.4 | C109: 6.77 | D109: 2.3 | E109: 0 | F109: 3.1 | G109: =(($B$105*B109)+($C$105*C109)+($D$105*D109)+($E$105*E109)+($F$105*F109))/$G$105 -> 30.127716 | I109: 1.2m | J109: 11.4 | K109: 9.84 | L109: 4.11 | M109: 0 | N109: 3.1 | O109: =(($J$105*J109)+($K$105*K109)+($L$105*L109)+($M$105*M109)+($N$105*N109))/$O$105 -> 34.803049
A110: 1.4m | B110: 11.4 | C110: 7.89 | D110: 2.69 | E110: 5.7 | F110: 3.8 | G110: =(($B$105*B110)+($C$105*C110)+($D$105*D110)+($E$105*E110)+($F$105*F110))/$G$105 -> 39.574912 | I110: 1.4m | J110: 11.4 | K110: 11.48 | L110: 4.79 | M110: 5.7 | N110: 3.8 | O110: =(($J$105*J110)+($K$105*K110)+($L$105*L110)+($M$105*M110)+($N$105*N110))/$O$105 -> 45.025579
A111: 1.6m | B111: 11.4 | C111: 9.02 | D111: 3.07 | E111: 5.7 | F111: 5 | G111: =(($B$105*B111)+($C$105*C111)+($D$105*D111)+($E$105*E111)+($F$105*F111))/$G$105 -> 44.881572 | I111: 1.6m | J111: 11.4 | K111: 13.12 | L111: 5.48 | M111: 5.7 | N111: 5 | O111: =(($J$105*J111)+($K$105*K111)+($L$105*L111)+($M$105*M111)+($N$105*N111))/$O$105 -> 51.118239
A112: 2.0m | B112: 11.4 | C112: 11.28 | D112: 3.84 | E112: 5.7 | F112: 6.2 | G112: =(($B$105*B112)+($C$105*C112)+($D$105*D112)+($E$105*E112)+($F$105*F112))/$G$105 -> 51.632899 | I112: 2.0m | J112: 11.4 | K112: 16.4 | L112: 6.85 | M112: 5.7 | N112: 6.2 | O112: =(($J$105*J112)+($K$105*K112)+($L$105*L112)+($M$105*M112)+($N$105*N112))/$O$105 -> 59.421566
A114: Over 300mm | I114: Over 300mm
A115: WIDTH | B115: STRINGER RATE (300x50) | C115: TREAD RATE (MDF) | D115: RISER RATE (MDF) | E115: Central CU (300x50) | F115: LABOUR (H/RATE) | G115: TOTAL COST (divided by Riser Rate) | I115: WIDTH | J115: STRINGER RATE (300x50) | K115: TREAD RATE (PLY) | L115: RISER RATE (PLY) | M115: Central CU (300x50) | N115: LABOUR (H/RATE) | O115: TOTAL COST (divided by Riser Rate)
B116: 15.14 | C116: 14 | D116: 15 | E116: 15.14 | F116: ='Labour Rate'!$C$7 -> 48.399917 | G116: 15 | J116: 15.14 | K116: 14 | L116: 15 | M116: 15.14 | N116: ='Labour Rate'!$C$7 -> 48.399917 | O116: 15
A117: 0.9m | B117: 11.4 | C117: 7.73 | D117: 1.97 | E117: 0 | F117: 3.1 | G117: =(($B$116*B117)+($C$116*C117)+($D$116*D117)+($E$116*E117)+($F$116*F117))/$G$116 -> 30.693716 | I117: 0.9m | J117: 11.4 | K117: 11.24 | L117: 3.52 | M117: 0 | N117: 3.1 | O117: =(($J$116*J117)+($K$116*K117)+($L$116*L117)+($M$116*M117)+($N$116*N117))/$O$116 -> 35.519716
A118: 1.0m | B118: 11.4 | C118: 7.73 | D118: 1.97 | E118: 0 | F118: 3.1 | G118: =(($B$116*B118)+($C$116*C118)+($D$116*D118)+($E$116*E118)+($F$116*F118))/$G$116 -> 30.693716 | I118: 1.0m | J118: 11.4 | K118: 11.24 | L118: 3.52 | M118: 0 | N118: 3.1 | O118: =(($J$116*J118)+($K$116*K118)+($L$116*L118)+($M$116*M118)+($N$116*N118))/$O$116 -> 35.519716
...

Sheet KO Spec.
A1: KO Spec Stair Costing sheet - 24th August 2022
A3: Up to 300mm
A4: LENGTH | B4: STRINGER RATE (H1.2 - 250x40) | C4: TREAD RATE (H3.2 - 21mm Ply) | D4: RISER RATE (H3.2 - 12mm Ply) | E4: Central CU (H3.2 300x50) | F4: LABOUR (H/RATE) | G4: TOTAL COST (divided by Riser Rate)
B5: 11 | C5: 14 | D5: 15 | E5: 16.87 | F5: ='Labour Rate'!$C$7 -> 48.399917 | G5: 15
A6: 0.9m | B6: 11.4 | C6: 10.24 | D6: 4.09 | E6: 0 | F6: 2.6 | G6: =(($B$5*B6)+($C$5*C6)+($D$5*D6)+($E$5*E6)+($F$5*F6))/$G$5 -> 30.396652
A7: 1.0m | B7: 11.4 | C7: 12.8 | D7: 4.09 | E7: 0 | F7: 2.6 | G7: =(($B$5*B7)+($C$5*C7)+($D$5*D7)+($E$5*E7)+($F$5*F7))/$G$5 -> 32.785986
A8: 1.1m | B8: 11.4 | C8: 12.8 | D8: 4.78 | E8: 0 | F8: 2.6 | G8: =(($B$5*B8)+($C$5*C8)+($D$5*D8)+($E$5*E8)+($F$5*F8))/$G$5 -> 33.475986
A9: 1.2m | B9: 11.4 | C9: 12.8 | D9: 4.78 | E9: 0 | F9: 2.6 | G9: =(($B$5*B9)+($C$5*C9)+($D$5*D9)+($E$5*E9)+($F$5*F9))/$G$5 -> 33.475986
A10: 1.4m | B10: 11.4 | C10: 14.93 | D10: 5.57 | E10: 5.7 | F10: 3.3 | G10: =(($B$5*B10)+($C$5*C10)+($D$5*D10)+($E$5*E10)+($F$5*F10))/$G$5 -> 44.923248
A11: 1.6m | B11: 11.4 | C11: 17.07 | D11: 6.37 | E11: 5.7 | F11: 4.5 | G11: =(($B$5*B11)+($C$5*C11)+($D$5*D11)+($E$5*E11)+($F$5*F11))/$G$5 -> 51.592575
A12: 2.0m | B12: 11.4 | C12: 21.33 | D12: 7.96 | E12: 5.7 | F12: 5.7 | G12: =(($B$5*B12)+($C$5*C12)+($D$5*D12)+($E$5*E12)+($F$5*F12))/$G$5 -> 61.030568
A14: Over 300mm
A15: LENGTH | B15: STRINGER RATE (H1.2 - 250x40) | C15: TREAD RATE (H3.2 - 21mm Ply) | D15: RISER RATE (H3.2 - 12mm Ply) | E15: Central CU (H3.2 300x50) | F15: LABOUR (H/RATE) | G15: TOTAL COST (divided by Riser Rate)
B16: 11 | C16: 14 | D16: 15 | E16: 16.87 | F16: ='Labour Rate'!$C$7 -> 48.399917 | G16: 15
A17: 0.9m | B17: 11.4 | C17: 14.63 | D17: 4.09 | E17: 0 | F17: 2.6 | G17: =(($B$16*B17)+($C$16*C17)+($D$16*D17)+($E$16*E17)+($F$16*F17))/$G$16 -> 34.493986
A18: 1.0m | B18: 11.4 | C18: 14.63 | D18: 4.09 | E18: 0 | F18: 2.6 | G18: =(($B$16*B18)+($C$16*C18)+($D$16*D18)+($E$16*E18)+($F$16*F18))/$G$16 -> 34.493986
A19: 1.1m | B19: 11.4 | C19: 14.63 | D19: 4.78 | E19: 0 | F19: 2.6 | G19: =(($B$16*B19)+($C$16*C19)+($D$16*D19)+($E$16*E19)+($F$16*F19))/$G$16 -> 35.183986
A20: 1.2m | B20: 11.4 | C20: 14.63 | D20: 4.78 | E20: 0 | F20: 2.6 | G20: =(($B$16*B20)+($C$16*C20)+($D$16*D20)+($E$16*E20)+($F$16*F20))/$G$16 -> 35.183986
A21: 1.4m | B21: 11.4 | C21: 19.91 | D21: 5.57 | E21: 5.7 | F21: 3.3 | G21: =(($B$16*B21)+($C$16*C21)+($D$16*D21)+($E$16*E21)+($F$16*F21))/$G$16 -> 49.571248
A22: 1.6m | B22: 11.4 | C22: 22.76 | D22: 6.37 | E22: 5.7 | F22: 4.5 | G22: =(($B$16*B22)+($C$16*C22)+($D$16*D22)+($E$16*E22)+($F$16*F22))/$G$16 -> 56.903242
A23: 2.0m | B23: 11.4 | C23: 28.44 | D23: 7.96 | E23: 5.7 | F23: 5.7 | G23: =(($B$16*B23)+($C$16*C23)+($D$16*D23)+($E$16*E23)+($F$16*F23))/$G$16 -> 67.666568
A25: 300mm x 50mm - BPSC with Ply Stair Costing sheet
A27: Up to 300mm
A28: LENGTH | B28: STRINGER RATE (H3.2- 300x50) | C28: TREAD RATE (H3.2 - 21mm Ply) | D28: RISER RATE (H3.2 - 12mm Ply) | E28: Central CU (H3.2 300x50) | F28: LABOUR (H/RATE) | G28: TOTAL COST (divided by Riser Rate)
B29: 16.87 | C29: 14 | D29: 15 | E29: 16.87 | F29: ='Labour Rate'!$C$7 -> 48.399917 | G29: 15
A30: 0.9m | B30: 11.4 | C30: 10.24 | D30: 4.09 | E30: 0 | F30: 2.6 | G30: =(($B$29*B30)+($C$29*C30)+($D$29*D30)+($E$29*E30)+($F$29*F30))/$G$29 -> 34.857852
A31: 1.0m | B31: 11.4 | C31: 12.8 | D31: 4.09 | E31: 0 | F31: 2.6 | G31: =(($B$29*B31)+($C$29*C31)+($D$29*D31)+($E$29*E31)+($F$29*F31))/$G$29 -> 37.247186
A32: 1.1m | B32: 11.4 | C32: 12.8 | D32: 4.78 | E32: 0 | F32: 2.6 | G32: =(($B$29*B32)+($C$29*C32)+($D$29*D32)+($E$29*E32)+($F$29*F32))/$G$29 -> 37.937186
A33: 1.2m | B33: 11.4 | C33: 12.8 | D33: 4.78 | E33: 0 | F33: 2.6 | G33: =(($B$29*B33)+($C$29*C33)+($D$29*D33)+($E$29*E33)+($F$29*F33))/$G$29 -> 37.937186
A34: 1.4m | B34: 11.4 | C34: 14.93 | D34: 5.57 | E34: 5.7 | F34: 3.3 | G34: =(($B$29*B34)+($C$29*C34)+($D$29*D34)+($E$29*E34)+($F$29*F34))/$G$29 -> 49.384448
A35: 1.6m | B35: 11.4 | C35: 17.07 | D35: 6.37 | E35: 5.7 | F35: 4.5 | G35: =(($B$29*B35)+($C$29*C35)+($D$29*D35)+($E$29*E35)+($F$29*F35))/$G$29 -> 56.053775
A36: 2.0m | B36: 11.4 | C36: 21.33 | D36: 7.96 | E36: 5.7 | F36: 5.7 | G36: =(($B$29*B36)+($C$29*C36)+($D$29*D36)+($E$29*E36)+($F$29*F36))/$G$29 -> 65.491768
A38: Over 300mm
A39: LENGTH | B39: STRINGER RATE (H3.2- 300x50) | C39: TREAD RATE (H3.2 - 21mm Ply) | D39: RISER RATE (H3.2 - 12mm Ply) | E39: Central CU (H3.2 300x50) | F39: LABOUR (H/RATE) | G39: TOTAL COST (divided by Riser Rate)
B40: 16.87 | C40: 14 | D40: 15 | E40: 16.87 | F40: ='Labour Rate'!$C$7 -> 48.399917 | G40: 15
A41: 0.9m | B41: 11.4 | C41: 14.63 | D41: 4.09 | E41: 0 | F41: 2.6 | G41: =(($B$40*B41)+($C$40*C41)+($D$40*D41)+($E$40*E41)+($F$40*F41))/$G$40 -> 38.955186
A42: 1.0m | B42: 11.4 | C42: 14.63 | D42: 4.09 | E42: 0 | F42: 2.6 | G42: =(($B$40*B42)+($C$40*C42)+($D$40*D42)+($E$40*E42)+($F$40*F42))/$G$40 -> 38.955186
A43: 1.1m | B43: 11.4 | C43: 14.63 | D43: 4.78 | E43: 0 | F43: 2.6 | G43: =(($B$40*B43)+($C$40*C43)+($D$40*D43)+($E$40*E43)+($F$40*F43))/$G$40 -> 39.645186
A44: 1.2m | B44: 11.4 | C44: 14.63 | D44: 4.78 | E44: 0 | F44: 2.6 | G44: =(($B$40*B44)+($C$40*C44)+($D$40*D44)+($E$40*E44)+($F$40*F44))/$G$40 -> 39.645186
A45: 1.4m | B45: 11.4 | C45: 19.91 | D45: 5.57 | E45: 5.7 | F45: 3.3 | G45: =(($B$40*B45)+($C$40*C45)+($D$40*D45)+($E$40*E45)+($F$40*F45))/$G$40 -> 54.032448
A46: 1.6m | B46: 11.4 | C46: 22.76 | D46: 6.37 | E46: 5.7 | F46: 4.5 | G46: =(($B$40*B46)+($C$40*C46)+($D$40*D46)+($E$40*E46)+($F$40*F46))/$G$40 -> 61.364442
A47: 2.0m | B47: 11.4 | C47: 28.44 | D47: 7.96 | E47: 5.7 | F47: 5.7 | G47: =(($B$40*B47)+($C$40*C47)+($D$40*D47)+($E$40*E47)+($F$40*F47))/$G$40 -> 72.127768

Sheet Solid Pine.
A1: Solid Stair Costing sheet - 24th August 2022 | I1: Solid Stair Costing sheet - 24th August 2022
A3: Up to 300mm | I3: Up to 300mm
A4: LENGTH | B4: STRINGER RATE (250x40) | C4: TREAD RATE (300x40) | D4: RISER RATE (200x25) | E4: Central CU (300x40) | F4: LABOUR (H/RATE) | G4: TOTAL COST (divided by Riser Rate) | I4: LENGTH | J4: STRINGER RATE (300x50) | K4: TREAD RATE (300x40) | L4: RISER RATE (200x25) | M4: Central CU (300x50) | N4: LABOUR (H/RATE) | O4: TOTAL COST (divided by Riser Rate)
B5: 10.1 | C5: 12.17 | D5: 5.05 | E5: 12.16 | F5: ='Labour Rate'!$C$7 -> 48.399917 | G5: 15 | J5: 15.14 | K5: 12.17 | L5: 5.05 | M5: 15.14 | N5: ='Labour Rate'!$C$7 -> 48.399917 | O5: 15
A6: 0.9m | B6: 11.4 | C6: 13.86 | D6: 14.85 | E6: 0 | F6: 5.3 | G6: =(($B$5*B6)+($C$5*C6)+($D$5*D6)+($E$5*E6)+($F$5*F6))/$G$5 -> 41.021884 | I6: 0.9m | J6: 11.4 | K6: 13.86 | L6: 14.85 | M6: 0 | N6: 5.3 | O6: =(($J$5*J6)+($K$5*K6)+($L$5*L6)+($M$5*M6)+($N$5*N6))/$O$5 -> 44.852284
A7: 1.0m | B7: 11.4 | C7: 15.4 | D7: 16.5 | E7: 0 | F7: 5.3 | G7: =(($B$5*B7)+($C$5*C7)+($D$5*D7)+($E$5*E7)+($F$5*F7))/$G$5 -> 42.826837 | I7: 1.0m | J7: 11.4 | K7: 15.4 | L7: 16.5 | M7: 0 | N7: 5.3 | O7: =(($J$5*J7)+($K$5*K7)+($L$5*L7)+($M$5*M7)+($N$5*N7))/$O$5 -> 46.657237
A8: 1.1m | B8: 11.4 | C8: 16.94 | D8: 18.15 | E8: 0 | F8: 5.3 | G8: =(($B$5*B8)+($C$5*C8)+($D$5*D8)+($E$5*E8)+($F$5*F8))/$G$5 -> 44.631791 | I8: 1.1m | J8: 11.4 | K8: 16.94 | L8: 18.15 | M8: 0 | N8: 5.3 | O8: =(($J$5*J8)+($K$5*K8)+($L$5*L8)+($M$5*M8)+($N$5*N8))/$O$5 -> 48.462191
A9: 1.2m | B9: 11.4 | C9: 18.48 | D9: 19.8 | E9: 0 | F9: 5.3 | G9: =(($B$5*B9)+($C$5*C9)+($D$5*D9)+($E$5*E9)+($F$5*F9))/$G$5 -> 46.436744 | I9: 1.2m | J9: 11.4 | K9: 18.48 | L9: 19.8 | M9: 0 | N9: 5.3 | O9: =(($J$5*J9)+($K$5*K9)+($L$5*L9)+($M$5*M9)+($N$5*N9))/$O$5 -> 50.267144
A10: 1.4m | B10: 11.4 | C10: 21.56 | D10: 23.1 | E10: 5.7 | F10: 6 | G10: =(($B$5*B10)+($C$5*C10)+($D$5*D10)+($E$5*E10)+($F$5*F10))/$G$5 -> 56.926113 | I10: 1.4m | J10: 11.4 | K10: 21.56 | L10: 23.1 | M10: 5.7 | N10: 6 | O10: =(($J$5*J10)+($K$5*K10)+($L$5*L10)+($M$5*M10)+($N$5*N10))/$O$5 -> 61.888913
A11: 1.6m | B11: 11.4 | C11: 24.64 | D11: 26.4 | E11: 5.7 | F11: 6.5 | G11: =(($B$5*B11)+($C$5*C11)+($D$5*D11)+($E$5*E11)+($F$5*F11))/$G$5 -> 62.149351 | I11: 1.6m | J11: 11.4 | K11: 24.64 | L11: 26.4 | M11: 5.7 | N11: 6.5 | O11: =(($J$5*J11)+($K$5*K11)+($L$5*L11)+($M$5*M11)+($N$5*N11))/$O$5 -> 67.112151
A12: 2.0m | B12: 11.4 | C12: 30.8 | D12: 33 | E12: 5.7 | F12: 7.1 | G12: =(($B$5*B12)+($C$5*C12)+($D$5*D12)+($E$5*E12)+($F$5*F12))/$G$5 -> 71.305161 | I12: 2.0m | J12: 11.4 | K12: 30.8 | L12: 33 | M12: 5.7 | N12: 7.1 | O12: =(($J$5*J12)+($K$5*K12)+($L$5*L12)+($M$5*M12)+($N$5*N12))/$O$5 -> 76.267961
A14: Over 300mm | I14: Over 300mm
A15: LENGTH | B15: STRINGER RATE (250x40) | C15: TREAD RATE (300x40) | D15: RISER RATE (200x25) | E15: Central CU (300x40) | F15: LABOUR (H/RATE) | G15: TOTAL COST (divided by Riser Rate) | I15: LENGTH | J15: STRINGER RATE (300x50) | K15: TREAD RATE (300x40) | L15: RISER RATE (200x25) | M15: Central CU (300x50) | N15: LABOUR (H/RATE) | O15: TOTAL COST (divided by Riser Rate)
B16: 10.1 | C16: 14.14 | D16: 5.05 | E16: 12.16 | F16: ='Labour Rate'!$C$7 -> 48.399917 | G16: 15 | J16: 15.14 | K16: 14.14 | L16: 5.05 | M16: 15.14 | N16: ='Labour Rate'!$C$7 -> 48.399917 | O16: 15
A17: 0.9m | B17: 11.4 | C17: 13.86 | D17: 14.85 | E17: 0 | F17: 5.3 | G17: =(($B$16*B17)+($C$16*C17)+($D$16*D17)+($E$16*E17)+($F$16*F17))/$G$16 -> 42.842164 | I17: 0.9m | J17: 11.4 | K17: 13.86 | L17: 14.85 | M17: 0 | N17: 5.3 | O17: =(($J$16*J17)+($K$16*K17)+($L$16*L17)+($M$16*M17)+($N$16*N17))/$O$16 -> 46.672564
A18: 1.0m | B18: 11.4 | C18: 15.4 | D18: 16.5 | E18: 0 | F18: 5.3 | G18: =(($B$16*B18)+($C$16*C18)+($D$16*D18)+($E$16*E18)+($F$16*F18))/$G$16 -> 44.849371 | I18: 1.0m | J18: 11.4 | K18: 15.4 | L18: 16.5 | M18: 0 | N18: 5.3 | O18: =(($J$16*J18)+($K$16*K18)+($L$16*L18)+($M$16*M18)+($N$16*N18))/$O$16 -> 48.679771
A19: 1.1m | B19: 11.4 | C19: 16.94 | D19: 18.15 | E19: 0 | F19: 5.3 | G19: =(($B$16*B19)+($C$16*C19)+($D$16*D19)+($E$16*E19)+($F$16*F19))/$G$16 -> 46.856577 | I19: 1.1m | J19: 11.4 | K19: 16.94 | L19: 18.15 | M19: 0 | N19: 5.3 | O19: =(($J$16*J19)+($K$16*K19)+($L$16*L19)+($M$16*M19)+($N$16*N19))/$O$16 -> 50.686977
A20: 1.2m | B20: 11.4 | C20: 18.48 | D20: 19.8 | E20: 0 | F20: 5.3 | G20: =(($B$16*B20)+($C$16*C20)+($D$16*D20)+($E$16*E20)+($F$16*F20))/$G$16 -> 48.863784 | I20: 1.2m | J20: 11.4 | K20: 18.48 | L20: 19.8 | M20: 0 | N20: 5.3 | O20: =(($J$16*J20)+($K$16*K20)+($L$16*L20)+($M$16*M20)+($N$16*N20))/$O$16 -> 52.694184
A21: 1.4m | B21: 11.4 | C21: 21.56 | D21: 23.1 | E21: 5.7 | F21: 6 | G21: =(($B$16*B21)+($C$16*C21)+($D$16*D21)+($E$16*E21)+($F$16*F21))/$G$16 -> 59.75766 | I21: 1.4m | J21: 11.4 | K21: 21.56 | L21: 23.1 | M21: 5.7 | N21: 6 | O21: =(($J$16*J21)+($K$16*K21)+($L$16*L21)+($M$16*M21)+($N$16*N21))/$O$16 -> 64.72046
A22: 1.6m | B22: 11.4 | C22: 24.64 | D22: 26.4 | E22: 5.7 | F22: 6.5 | G22: =(($B$16*B22)+($C$16*C22)+($D$16*D22)+($E$16*E22)+($F$16*F22))/$G$16 -> 65.385404 | I22: 1.6m | J22: 11.4 | K22: 24.64 | L22: 26.4 | M22: 5.7 | N22: 6.5 | O22: =(($J$16*J22)+($K$16*K22)+($L$16*L22)+($M$16*M22)+($N$16*N22))/$O$16 -> 70.348204
A23: 2.0m | B23: 11.4 | C23: 30.8 | D23: 33 | E23: 5.7 | F23: 7.1 | G23: =(($B$16*B23)+($C$16*C23)+($D$16*D23)+($E$16*E23)+($F$16*F23))/$G$16 -> 75.350227 | I23: 2.0m | J23: 11.4 | K23: 30.8 | L23: 33 | M23: 5.7 | N23: 7.1 | O23: =(($J$16*J23)+($K$16*K23)+($L$16*L23)+($M$16*M23)+($N$16*N23))/$O$16 -> 80.313027
I25: Up to 300mm
I26: LENGTH | J26: STRINGER RATE (300x50) | K26: TREAD RATE (300x50) | L26: RISER RATE (200x25) | M26: Central CU (300x50) | N26: LABOUR (H/RATE) | O26: TOTAL COST (divided by Riser Rate)
J27: 15.14 | K27: 15.14 | L27: 5.05 | M27: 15.14 | N27: ='Labour Rate'!$C$7 -> 48.399917 | O27: 15
I28: 0.9m | J28: 11.4 | K28: 13.86 | L28: 14.85 | M28: 0 | N28: 5.3 | O28: =(($J$27*J28)+($K$27*K28)+($L$27*L28)+($M$27*M28)+($N$27*N28))/$O$27 -> 47.596564
I29: 1.0m | J29: 11.4 | K29: 15.4 | L29: 16.5 | M29: 0 | N29: 5.3 | O29: =(($J$27*J29)+($K$27*K29)+($L$27*L29)+($M$27*M29)+($N$27*N29))/$O$27 -> 49.706437
I30: 1.1m | J30: 11.4 | K30: 16.94 | L30: 18.15 | M30: 0 | N30: 5.3 | O30: =(($J$27*J30)+($K$27*K30)+($L$27*L30)+($M$27*M30)+($N$27*N30))/$O$27 -> 51.816311
I31: 1.2m | J31: 11.4 | K31: 18.48 | L31: 19.8 | M31: 0 | N31: 5.3 | O31: =(($J$27*J31)+($K$27*K31)+($L$27*L31)+($M$27*M31)+($N$27*N31))/$O$27 -> 53.926184
I32: 1.4m | J32: 11.4 | K32: 21.56 | L32: 23.1 | M32: 5.7 | N32: 6 | O32: =(($J$27*J32)+($K$27*K32)+($L$27*L32)+($M$27*M32)+($N$27*N32))/$O$27 -> 66.157793
I33: 1.6m | J33: 11.4 | K33: 24.64 | L33: 26.4 | M33: 5.7 | N33: 6.5 | O33: =(($J$27*J33)+($K$27*K33)+($L$27*L33)+($M$27*M33)+($N$27*N33))/$O$27 -> 71.990871
I34: 2.0m | J34: 11.4 | K34: 30.8 | L34: 33 | M34: 5.7 | N34: 7.1 | O34: =(($J$27*J34)+($K$27*K34)+($L$27*L34)+($M$27*M34)+($N$27*N34))/$O$27 -> 82.366361
I36: Over 300mm
I37: LENGTH | J37: STRINGER RATE (300x50) | K37: TREAD RATE (300x50) | L37: RISER RATE (200x25) | M37: Central CU (300x50) | N37: LABOUR (H/RATE) | O37: TOTAL COST (divided by Riser Rate)
J38: 15.14 | K38: 17.68 | L38: 5.05 | M38: 15.14 | N38: ='Labour Rate'!$C$7 -> 48.399917 | O38: 15
I39: 0.9m | J39: 11.4 | K39: 13.86 | L39: 14.85 | M39: 0 | N39: 5.3 | O39: =(($J$38*J39)+($K$38*K39)+($L$38*L39)+($M$38*M39)+($N$38*N39))/$O$38 -> 49.943524
I40: 1.0m | J40: 11.4 | K40: 15.4 | L40: 16.5 | M40: 0 | N40: 5.3 | O40: =(($J$38*J40)+($K$38*K40)+($L$38*L40)+($M$38*M40)+($N$38*N40))/$O$38 -> 52.314171
I41: 1.1m | J41: 11.4 | K41: 16.94 | L41: 18.15 | M41: 0 | N41: 5.3 | O41: =(($J$38*J41)+($K$38*K41)+($L$38*L41)+($M$38*M41)+($N$38*N41))/$O$38 -> 54.684817
I42: 1.2m | J42: 11.4 | K42: 18.48 | L42: 19.8 | M42: 0 | N42: 5.3 | O42: =(($J$38*J42)+($K$38*K42)+($L$38*L42)+($M$38*M42)+($N$38*N42))/$O$38 -> 57.055464
I43: 1.4m | J43: 11.4 | K43: 21.56 | L43: 23.1 | M43: 5.7 | N43: 6 | O43: =(($J$38*J43)+($K$38*K43)+($L$38*L43)+($M$38*M43)+($N$38*N43))/$O$38 -> 69.80862
I44: 1.6m | J44: 11.4 | K44: 24.64 | L44: 26.4 | M44: 5.7 | N44: 6.5 | O44: =(($J$38*J44)+($K$38*K44)+($L$38*L44)+($M$38*M44)+($N$38*N44))/$O$38 -> 76.163244
I45: 2.0m | J45: 11.4 | K45: 30.8 | L45: 33 | M45: 5.7 | N45: 7.1 | O45: =(($J$38*J45)+($K$38*K45)+($L$38*L45)+($M$38*M45)+($N$38*N45))/$O$38 -> 87.581827

Sheet External.
A1: External Stair Costing sheet - 24th August 2022
A3: Open Rise
A4: LENGTH | B4: STRINGER RATE (300x50 H3.2) | C4: TREAD RATE (Pine H3.2 150x50 GT) | D4: RISER CLOSER (Pine H3.2 50x50) | E4: Central CU (300x50 H3.2) | F4: LABOUR (H/RATE) | G4: TOTAL COST (divided by Riser Rate)
B5: 16.87 | C5: 8.72 | D5: 2.9 | E5: 16.87 | F5: ='Labour Rate'!$C$7 -> 48.399917 | G5: 15
A6: 0.9m | B6: 11.4 | C6: 27.72 | D6: 14.85 | E6: 0 | F6: 3.3 | G6: =(($B$5*B6)+($C$5*C6)+($D$5*D6)+($E$5*E6)+($F$5*F6))/$G$5 -> 42.454742
A7: 1.0m | B7: 11.4 | C7: 30.8 | D7: 16.5 | E7: 0 | F7: 3.3 | G7: =(($B$5*B7)+($C$5*C7)+($D$5*D7)+($E$5*E7)+($F$5*F7))/$G$5 -> 44.564248
A8: 1.2m | B8: 11.4 | C8: 36.866667 | D8: 19.95 | E8: 0 | F8: 3.3 | G8: =(($B$5*B8)+($C$5*C8)+($D$5*D8)+($E$5*E8)+($F$5*F8))/$G$5 -> 48.758004
A9: 1.5m | B9: 11.4 | C9: 46.2 | D9: 24.75 | E9: 5.7 | F9: 4 | G9: =(($B$5*B9)+($C$5*C9)+($D$5*D9)+($E$5*E9)+($F$5*F9))/$G$5 -> 63.781044
A10: 1.8m | B10: 11.4 | C10: 55.44 | D10: 29.7 | E10: 5.7 | F10: 5.2 | G10: =(($B$5*B10)+($C$5*C10)+($D$5*D10)+($E$5*E10)+($F$5*F10))/$G$5 -> 73.981558
A11: 2.1m | B11: 11.4 | C11: 64.68 | D11: 34.65 | E11: 5.7 | F11: 6.3 | G11: =(($B$5*B11)+($C$5*C11)+($D$5*D11)+($E$5*E11)+($F$5*F11))/$G$5 -> 83.859405
A12: 2.4m | B12: 11.4 | C12: 73.92 | D12: 39.6 | E12: 5.7 | F12: 6.3 | G12: =(($B$5*B12)+($C$5*C12)+($D$5*D12)+($E$5*E12)+($F$5*F12))/$G$5 -> 90.187925
A14: Closed Riser - Ex 25mm
A15: LENGTH | B15: STRINGER RATE (300x50 H3.2) | C15: TREAD RATE (Pine H3.2 150x50 GT) | D15: RISER RATE (Pine H3.2 200x25) | E15: Central CU (300x50 H3.2) | F15: LABOUR (H/RATE) | G15: TOTAL COST (divided by Riser Rate)
B16: 16.87 | C16: 8.72 | D16: 13.59 | E16: 16.87 | F16: ='Labour Rate'!$C$7 -> 48.399917 | G16: 15
A17: 0.9m | B17: 11.4 | C17: 27.72 | D17: 14.85 | E17: 0 | F17: 3.3 | G17: =(($B$16*B17)+($C$16*C17)+($D$16*D17)+($E$16*E17)+($F$16*F17))/$G$16 -> 53.037842
A18: 1.0m | B18: 11.4 | C18: 30.8 | D18: 16.5 | E18: 0 | F18: 3.3 | G18: =(($B$16*B18)+($C$16*C18)+($D$16*D18)+($E$16*E18)+($F$16*F18))/$G$16 -> 56.323248
A19: 1.2m | B19: 11.4 | C19: 36.866667 | D19: 19.95 | E19: 0 | F19: 3.3 | G19: =(($B$16*B19)+($C$16*C19)+($D$16*D19)+($E$16*E19)+($F$16*F19))/$G$16 -> 62.975704
A20: 1.5m | B20: 11.4 | C20: 46.2 | D20: 24.75 | E20: 5.7 | F20: 4 | G20: =(($B$16*B20)+($C$16*C20)+($D$16*D20)+($E$16*E20)+($F$16*F20))/$G$16 -> 81.419544
A21: 1.8m | B21: 11.4 | C21: 55.44 | D21: 29.7 | E21: 5.7 | F21: 5.2 | G21: =(($B$16*B21)+($C$16*C21)+($D$16*D21)+($E$16*E21)+($F$16*F21))/$G$16 -> 95.147758
A22: 2.1m | B22: 11.4 | C22: 64.68 | D22: 34.65 | E22: 5.7 | F22: 6.3 | G22: =(($B$16*B22)+($C$16*C22)+($D$16*D22)+($E$16*E22)+($F$16*F22))/$G$16 -> 108.5533
A23: 2.4m | B23: 11.4 | C23: 73.92 | D23: 39.6 | E23: 5.7 | F23: 6.3 | G23: =(($B$16*B23)+($C$16*C23)+($D$16*D23)+($E$16*E23)+($F$16*F23))/$G$16 -> 118.40953
A25: Closed Riser - Ex 50mm
A26: LENGTH | B26: STRINGER RATE (300x50 H3.2) | C26: TREAD RATE (Pine H3.2 150x50 GT) | D26: RISER RATE (Pine H3.2 200x50) | E26: Central CU (300x50 H3.2) | F26: LABOUR (H/RATE) | G26: TOTAL COST (divided by Riser Rate)
B27: 16.87 | C27: 8.72 | D27: 12.36 | E27: 16.87 | F27: ='Labour Rate'!$C$7 -> 48.399917 | G27: 15
A28: 0.9m | B28: 11.4 | C28: 27.72 | D28: 14.85 | E28: 0 | F28: 3.3 | G28: =(($B$27*B28)+($C$27*C28)+($D$27*D28)+($E$27*E28)+($F$27*F28))/$G$27 -> 51.820142
A29: 1.0m | B29: 11.4 | C29: 30.8 | D29: 16.5 | E29: 0 | F29: 3.3 | G29: =(($B$27*B29)+($C$27*C29)+($D$27*D29)+($E$27*E29)+($F$27*F29))/$G$27 -> 54.970248
A30: 1.2m | B30: 11.4 | C30: 36.866667 | D30: 19.95 | E30: 0 | F30: 3.3 | G30: =(($B$27*B30)+($C$27*C30)+($D$27*D30)+($E$27*E30)+($F$27*F30))/$G$27 -> 61.339804
A31: 1.5m | B31: 11.4 | C31: 46.2 | D31: 24.75 | E31: 5.7 | F31: 4 | G31: =(($B$27*B31)+($C$27*C31)+($D$27*D31)+($E$27*E31)+($F$27*F31))/$G$27 -> 79.390044
A32: 1.8m | B32: 11.4 | C32: 55.44 | D32: 29.7 | E32: 5.7 | F32: 5.2 | G32: =(($B$27*B32)+($C$27*C32)+($D$27*D32)+($E$27*E32)+($F$27*F32))/$G$27 -> 92.712358
A33: 2.1m | B33: 11.4 | C33: 64.68 | D33: 34.65 | E33: 5.7 | F33: 6.3 | G33: =(($B$27*B33)+($C$27*C33)+($D$27*D33)+($E$27*E33)+($F$27*F33))/$G$27 -> 105.71201
A34: 2.4m | B34: 11.4 | C34: 73.92 | D34: 39.6 | E34: 5.7 | F34: 6.3 | G34: =(($B$27*B34)+($C$27*C34)+($D$27*D34)+($E$27*E34)+($F$27*F34))/$G$27 -> 115.16232

Sheet Landings & Winders.
A1: Landings Costing sheet | I1: Winders Costing sheet | Q1: CUT-UNDER Winders Costing sheet
A3: Landing Costing sheet - MDF | I3: Winders Costing sheet - MDF | Q3: Winders Costing sheet - MDF
A4: ITEM | B4: PINE 300x40mm | C4: PINE 75x40mm | D4: MDF 24mm | E4: MDF 12mm | F4: LABOUR (H/RATE) | G4: TOTAL COST | I4: ITEM | J4: PINE 300x40mm (50x40mm) | K4: PINE 75x40mm | L4: MDF 24mm | M4: MDF 12mm | N4: LABOUR (H/RATE) | O4: TOTAL COST | Q4: ITEM | R4: PINE 300x40mm (50x40mm) | S4: PINE 100x40mm | T4: MDF 24mm | U4: MDF 12mm | V4: LABOUR (H/RATE) | W4: TOTAL COST
A5: I | B5: 12.16 | C5: 3.03 | D5: 18.79 | E5: 1.97 | F5: ='Labour Rate'!$C$7 -> 48.399917 | I5: I | J5: 2.02 | K5: 3.03 | L5: 18.79 | M5: 1.97 | N5: ='Labour Rate'!$C$7 -> 48.399917 | Q5: I | R5: 2.02 | S5: 4.04 | T5: 18.79 | U5: 1.97 | V5: ='Labour Rate'!$C$7 -> 48.399917
A6: Landing - (1.0 sq/m) | B6: 1.55 | C6: 1.15 | D6: 0.7 | E6: 0.575 | F6: 1.8 | G6: =($B$5*B6)+($C$5*C6)+($D$5*D6)+($E$5*E6)+($F$5*F6) -> 123.7381 | I6: 2 Winder - (1.0m sq/m) | J6: 2.3 | K6: 1.15 | L6: 0.46 | M6: 0.575 | N6: 2 | O6: =($J$5*J6)+($K$5*K6)+($L$5*L6)+($M$5*M6)+($N$5*N6) -> 114.70648 | Q6: 2 Winder - (1.0m sq/m) | R6: 2.3 | S6: 1.15 | T6: 0.46 | U6: 0.575 | V6: 2.5 | W6: =($R$5*R6)+($S$5*S6)+($T$5*T6)+($U$5*U6)+($V$5*V6) -> 140.06794
I7: 3 Winder - (1.0m sq/m) | J7: 2.3 | K7: 1.15 | L7: 0.115 | M7: 0.575 | N7: 2 | O7: =($J$5*J7)+($K$5*K7)+($L$5*L7)+($M$5*M7)+($N$5*N7) -> 108.22393 | Q7: 3 Winder - (1.0m sq/m) | R7: 2.3 | S7: 1.15 | T7: 0.115 | U7: 0.575 | V7: 2.5 | W7: =($R$5*R7)+($S$5*S7)+($T$5*T7)+($U$5*U7)+($V$5*V7) -> 133.58539
A8: Landings Costing sheet - PLY UT | I8: 4 Winder - (1.0m sq/m) | J8: 4.6 | K8: 2.3 | L8: 0.92 | M8: 0.575 | N8: 3 | O8: =($J$5*J8)+($K$5*K8)+($L$5*L8)+($M$5*M8)+($N$5*N8) -> 179.8803 | Q8: 4 Winder - (1.0m sq/m) | R8: 4.6 | S8: 2.3 | T8: 0.92 | U8: 0.575 | V8: 3.5 | W8: =($R$5*R8)+($S$5*S8)+($T$5*T8)+($U$5*U8)+($V$5*V8) -> 206.40326
A9: ITEM | B9: PINE 300x40mm | C9: PINE 75x40mm | D9: PLY 21mm | E9: PLY 12mm | F9: LABOUR (H/RATE) | G9: TOTAL COST | I9: 6 Winder - (1.0m sq/m) | J9: 4.6 | K9: 2.3 | L9: 0.23 | M9: 0.575 | N9: 3 | O9: =($J$5*J9)+($K$5*K9)+($L$5*L9)+($M$5*M9)+($N$5*N9) -> 166.9152 | Q9: 6 Winder - (1.0m sq/m) | R9: 4.6 | S9: 2.3 | T9: 0.23 | U9: 0.575 | V9: 3.5 | W9: =($R$5*R9)+($S$5*S9)+($T$5*T9)+($U$5*U9)+($V$5*V9) -> 193.43816
A10: I | B10: 12.16 | C10: 3.03 | D10: 27.33 | E10: 3.52 | F10: ='Labour Rate'!$C$7 -> 48.399917
A11: Landing - (1.0 sq/m) | B11: 1.55 | C11: 1.15 | D11: 0.7 | E11: 0.575 | F11: 1.8 | G11: =($B$10*B11)+($C$10*C11)+($D$10*D11)+($E$10*E11)+($F$10*F11) -> 130.60735 | I11: Winders over 180° Costing sheet - MDF | Q11: Winders over 180° Costing sheet - MDF
I12: ITEM | J12: PINE 300x40mm | K12: PINE 150x40mm | L12: MDF 24mm | M12: MDF 12mm | N12: LABOUR (H/RATE) | O12: TOTAL COST | Q12: ITEM | R12: PINE 300x40mm | S12: PINE 150x40mm | T12: MDF 24mm | U12: MDF 12mm | V12: LABOUR (H/RATE) | W12: TOTAL COST
A13: Landings Costing sheet - PLY H3.2 | I13: I | J13: 12.16 | K13: 6.05 | L13: 18.79 | M13: 1.97 | N13: ='Labour Rate'!$C$7 -> 48.399917 | Q13: I | R13: 12.16 | S13: 6.05 | T13: 18.79 | U13: 1.97 | V13: ='Labour Rate'!$C$7 -> 48.399917
A14: ITEM | B14: PINE H3.2 300x50mm | C14: PINE H3.2 75x50mm | D14: PLY H3.2 21mm | E14: PLY H3.2 12mm | F14: LABOUR (H/RATE) | G14: TOTAL COST | I14: 3 Winder - (1.0m sq/m) | J14: 2.3 | K14: 1.15 | L14: 1.265 | M14: 0.575 | N14: 3.5 | O14: =($J$13*J14)+($K$13*K14)+($L$13*L14)+($M$13*M14)+($N$13*N14) -> 229.22731 | Q14: 3 Winder - (1.0m sq/m) | R14: 2.3 | S14: 1.15 | T14: 1.265 | U14: 0.575 | V14: 4 | W14: =($R$13*R14)+($S$13*S14)+($T$13*T14)+($U$13*U14)+($V$13*V14) -> 253.42727
A15: I | B15: 14.39 | C15: 3.6 | D15: 35.56 | E15: 4.09 | F15: ='Labour Rate'!$C$7 -> 48.399917 | I15: 5 Winder - (1.0m sq/m) | J15: 2.3 | K15: 1.15 | L15: 0.575 | M15: 0.575 | N15: 3.5 | O15: =($J$13*J15)+($K$13*K15)+($L$13*L15)+($M$13*M15)+($N$13*N15) -> 216.26221 | Q15: 5 Winder - (1.0m sq/m) | R15: 2.3 | S15: 1.15 | T15: 0.575 | U15: 0.575 | V15: 4 | W15: =($R$13*R15)+($S$13*S15)+($T$13*T15)+($U$13*U15)+($V$13*V15) -> 240.46217
A16: Landing - (1.0 sq/m) | B16: 1.55 | C16: 1.15 | D16: 0.7 | E16: 0.575 | F16: 1.8 | G16: =($B$15*B16)+($C$15*C16)+($D$15*D16)+($E$15*E16)+($F$15*F16) -> 140.8081
A18: Landings Costing sheet - Solid Pine 32mm | I18: Winders Costing sheet - PLY UT | Q18: Winders Costing sheet - PLY UT
A19: ITEM | B19: PINE 300x40mm | C19: PINE 75x40mm | D19: PINE 300x40mm | E19: PINE 200x25mm | F19: LABOUR (H/RATE) | G19: TOTAL COST | I19: ITEM | J19: PINE 300x40mm (50x40mm) | K19: PINE 75x40mm | L19: PLY 21mm | M19: PLY 12mm | N19: LABOUR (H/RATE) | O19: TOTAL COST | Q19: ITEM | R19: PINE 300x40mm (50x40mm) | S19: PINE 100x40mm | T19: PLY 21mm | U19: PLY 12mm | V19: LABOUR (H/RATE) | W19: TOTAL COST
A20: I | B20: 12.16 | C20: 3.03 | D20: 48.64 | E20: 10.1 | F20: ='Labour Rate'!$C$7 -> 48.399917 | I20: I | J20: 2.02 | K20: 3.03 | L20: 27.33 | M20: 3.52 | N20: ='Labour Rate'!$C$7 -> 48.399917 | Q20: I | R20: 2.02 | S20: 4.04 | T20: 27.33 | U20: 3.52 | V20: ='Labour Rate'!$C$7 -> 48.399917
A21: Landing - (1.0 sq/m) | B21: 1.55 | C21: 1.15 | D21: 0.7 | E21: 0.575 | F21: 2.5 | G21: =($B$20*B21)+($C$20*C21)+($D$20*D21)+($E$20*E21)+($F$20*F21) -> 183.18779 | I21: 2 Winder - (1.0m sq/m) | J21: 2.3 | K21: 1.15 | L21: 0.46 | M21: 0.575 | N21: 2 | O21: =($J$20*J21)+($K$20*K21)+($L$20*L21)+($M$20*M21)+($N$20*N21) -> 119.52613 | Q21: 2 Winder - (1.0m sq/m) | R21: 2.3 | S21: 1.15 | T21: 0.46 | U21: 0.575 | V21: 2.5 | W21: =($R$20*R21)+($S$20*S21)+($T$20*T21)+($U$20*U21)+($V$20*V21) -> 144.88759
I22: 3 Winder - (1.0m sq/m) | J22: 2.3 | K22: 1.15 | L22: 0.115 | M22: 0.575 | N22: 2 | O22: =($J$20*J22)+($K$20*K22)+($L$20*L22)+($M$20*M22)+($N$20*N22) -> 110.09728 | Q22: 3 Winder - (1.0m sq/m) | R22: 2.3 | S22: 1.15 | T22: 0.115 | U22: 0.575 | V22: 2.5 | W22: =($R$20*R22)+($S$20*S22)+($T$20*T22)+($U$20*U22)+($V$20*V22) -> 135.45874
A23: Landings Costing sheet - Pine External Landing | I23: 4 Winder - (1.0m sq/m) | J23: 4.6 | K23: 2.3 | L23: 0.92 | M23: 0.575 | N23: 3 | O23: =($J$20*J23)+($K$20*K23)+($L$20*L23)+($M$20*M23)+($N$20*N23) -> 188.62835 | Q23: 4 Winder - (1.0m sq/m) | R23: 4.6 | S23: 2.3 | T23: 0.92 | U23: 0.575 | V23: 3.5 | W23: =($R$20*R23)+($S$20*S23)+($T$20*T23)+($U$20*U23)+($V$20*V23) -> 215.15131
A24: ITEM | B24: PINE H3.2 300x50mm | C24: PINE H3.2 75x50mm | D24: PINE H3.2 150x50mm | E24: PINE H3.2 200x25mm | F24: LABOUR (H/RATE) | G24: TOTAL COST | I24: 6 Winder - (1.0m sq/m) | J24: 4.6 | K24: 2.3 | L24: 0.23 | M24: 0.575 | N24: 3 | O24: =($J$20*J24)+($K$20*K24)+($L$20*L24)+($M$20*M24)+($N$20*N24) -> 169.77065 | Q24: 6 Winder - (1.0m sq/m) | R24: 4.6 | S24: 2.3 | T24: 0.23 | U24: 0.575 | V24: 3.5 | W24: =($R$20*R24)+($S$20*S24)+($T$20*T24)+($U$20*U24)+($V$20*V24) -> 196.29361
A25: I | B25: 16.88 | C25: 4.63 | D25: 61.04 | E25: 13.59 | F25: ='Labour Rate'!$C$7 -> 48.399917
A26: Landing - (1.0 sq/m) | B26: 1.55 | C26: 1.15 | D26: 0.7 | E26: 0.575 | F26: 2.5 | G26: =($B$25*B26)+($C$25*C26)+($D$25*D26)+($E$25*E26)+($F$25*F26) -> 203.03054 | I26: Winders over 180° Costing sheet - PLY UT | Q26: Winders over 180° Costing sheet - PLY UT
I27: ITEM | J27: PINE 300x40mm | K27: PINE 150x40mm | L27: PLY 21mm | M27: PLY 12mm | N27: LABOUR (H/RATE) | O27: TOTAL COST | Q27: ITEM | R27: PINE 300x40mm | S27: PINE 150x40mm | T27: PLY 21mm | U27: PLY 12mm | V27: LABOUR (H/RATE) | W27: TOTAL COST
I28: I | J28: 12.16 | K28: 6.05 | L28: 27.33 | M28: 3.52 | N28: ='Labour Rate'!$C$7 -> 48.399917 | Q28: I | R28: 12.16 | S28: 6.05 | T28: 27.33 | U28: 3.52 | V28: ='Labour Rate'!$C$7 -> 48.399917
I29: 3 Winder - (1.0m sq/m) | J29: 2.3 | K29: 1.15 | L29: 1.265 | M29: 0.575 | N29: 3.5 | O29: =($J$28*J29)+($K$28*K29)+($L$28*L29)+($M$28*M29)+($N$28*N29) -> 240.92166 | Q29: 3 Winder - (1.0m sq/m) | R29: 2.3 | S29: 1.15 | T29: 1.265 | U29: 0.575 | V29: 4 | W29: =($R$28*R29)+($S$28*S29)+($T$28*T29)+($U$28*U29)+($V$28*V29) -> 265.12162
I30: 5 Winder - (1.0m sq/m) | J30: 2.3 | K30: 1.15 | L30: 0.575 | M30: 0.575 | N30: 3.5 | O30: =($J$28*J30)+($L$28*L30)+($M$28*M30)+($N$28*N30) -> 215.10646 | Q30: 5 Winder - (1.0m sq/m) | R30: 2.3 | S30: 1.15 | T30: 0.575 | U30: 0.575 | V30: 4 | W30: =($R$28*R30)+($S$28*S30)+($T$28*T30)+($U$28*U30)+($V$28*V30) -> 246.26392
I33: Winders Costing sheet - PLY H3.2 | Q33: Winders Costing sheet - PLY H3.2
I34: ITEM | J34: PINE H3.2 300x50mm (50x50mm) | K34: PINE H3.2 75x50mm | L34: PLY H3.2 21mm | M34: PLY H3.2 12mm | N34: LABOUR (H/RATE) | O34: TOTAL COST | Q34: ITEM | R34: PINE H3.2 300x50mm (50x50mm) | S34: PINE H3.2 100x50mm | T34: PLY H3.2 21mm | U34: PLY H3.2 12mm | V34: LABOUR (H/RATE) | W34: TOTAL COST
I35: I | J35: 2.4 | K35: 3.6 | L35: 35.56 | M35: 4.09 | N35: ='Labour Rate'!$C$7 -> 48.399917 | Q35: I | R35: 2.4 | S35: 4.8 | T35: 35.56 | U35: 4.09 | V35: ='Labour Rate'!$C$7 -> 48.399917
I36: 2 Winder - (1.0m sq/m) | J36: 2.3 | K36: 1.15 | L36: 0.46 | M36: 0.575 | N36: 2 | O36: =($J$35*J36)+($K$35*K36)+($L$35*L36)+($M$35*M36)+($N$35*N36) -> 125.16918 | Q36: 2 Winder - (1.0m sq/m) | R36: 2.3 | S36: 1.15 | T36: 0.46 | U36: 0.575 | V36: 2.5 | W36: =($R$35*R36)+($S$35*S36)+($T$35*T36)+($U$35*U36)+($V$35*V36) -> 150.74914
I37: 3 Winder - (1.0m sq/m) | J37: 2.3 | K37: 1.15 | L37: 0.115 | M37: 0.575 | N37: 2 | O37: =($J$35*J37)+($K$35*K37)+($L$35*L37)+($M$35*M37)+($N$35*N37) -> 112.90098 | Q37: 3 Winder - (1.0m sq/m) | R37: 2.3 | S37: 1.15 | T37: 0.115 | U37: 0.575 | V37: 2.5 | W37: =($R$35*R37)+($S$35*S37)+($T$35*T37)+($U$35*U37)+($V$35*V37) -> 138.48094
I38: 4 Winder - (1.0m sq/m) | J38: 4.6 | K38: 2.3 | L38: 0.92 | M38: 0.575 | N38: 3 | O38: =($J$35*J38)+($K$35*K38)+($L$35*L38)+($M$35*M38)+($N$35*N38) -> 199.5867 | Q38: 4 Winder - (1.0m sq/m) | R38: 4.6 | S38: 2.3 | T38: 0.92 | U38: 0.575 | V38: 3.5 | W38: =($R$35*R38)+($S$35*S38)+($T$35*T38)+($U$35*U38)+($V$35*V38) -> 226.54666
I39: 6 Winder - (1.0m sq/m) | J39: 4.6 | K39: 2.3 | L39: 0.23 | M39: 0.575 | N39: 3 | O39: =($J$35*J39)+($K$35*K39)+($L$35*L39)+($M$35*M39)+($N$35*N39) -> 175.0503 | Q39: 6 Winder - (1.0m sq/m) | R39: 4.6 | S39: 2.3 | T39: 0.23 | U39: 0.575 | V39: 3.5 | W39: =($R$35*R39)+($S$35*S39)+($T$35*T39)+($U$35*U39)+($V$35*V39) -> 202.01026
I41: Winders over 180° Costing sheet - PLY H3.2 | Q41: Winders over 180° Costing sheet - PLY H3.2
